"xmin","xmax","ymin","ymax","name"
-148,-146,58,60,"0016/0017"
-146,-144,58,60,"0016/0018"
-144,-142,58,60,"0016/0019"
-142,-140,58,60,"0016/0020"
-140,-138,58,60,"0016/0021"
-138,-136,58,60,"0016/0022"
-136,-134,58,60,"0016/0023"
-134,-132,58,60,"0016/0024"
-132,-130,58,60,"0016/0025"
-130,-128,58,60,"0016/0026"
-128,-126,58,60,"0016/0027"
-126,-124,58,60,"0016/0028"
-124,-122,58,60,"0016/0029"
-122,-120,58,60,"0016/0030"
-120,-118,58,60,"0016/0031"
-118,-116,58,60,"0016/0032"
-116,-114,58,60,"0016/0033"
-114,-112,58,60,"0016/0034"
-112,-110,58,60,"0016/0035"
-110,-108,58,60,"0016/0036"
-108,-106,58,60,"0016/0037"
-106,-104,58,60,"0016/0038"
-104,-102,58,60,"0016/0039"
-102,-100,58,60,"0016/0040"
-100,-98,58,60,"0016/0041"
-98,-96,58,60,"0016/0042"
-96,-94,58,60,"0016/0043"
-94,-92,58,60,"0016/0044"
-92,-90,58,60,"0016/0045"
-82,-80,58,60,"0016/0050"
-80,-78,58,60,"0016/0051"
-78,-76,58,60,"0016/0052"
-76,-74,58,60,"0016/0053"
-74,-72,58,60,"0016/0054"
-72,-70,58,60,"0016/0055"
-70,-68,58,60,"0016/0056"
-68,-66,58,60,"0016/0057"
-66,-64,58,60,"0016/0058"
-64,-62,58,60,"0016/0059"
-62,-60,58,60,"0016/0060"
-60,-58,58,60,"0016/0061"
-8,-6,58,60,"0016/0087"
-6,-4,58,60,"0016/0088"
-4,-2,58,60,"0016/0089"
-2,0,58,60,"0016/0090"
0,2,58,60,"0016/0091"
2,4,58,60,"0016/0092"
4,6,58,60,"0016/0093"
6,8,58,60,"0016/0094"
8,10,58,60,"0016/0095"
10,12,58,60,"0016/0096"
12,14,58,60,"0016/0097"
14,16,58,60,"0016/0098"
16,18,58,60,"0016/0099"
18,20,58,60,"0016/0100"
20,22,58,60,"0016/0101"
22,24,58,60,"0016/0102"
24,26,58,60,"0016/0103"
26,28,58,60,"0016/0104"
28,30,58,60,"0016/0105"
30,32,58,60,"0016/0106"
32,34,58,60,"0016/0107"
34,36,58,60,"0016/0108"
36,38,58,60,"0016/0109"
38,40,58,60,"0016/0110"
40,42,58,60,"0016/0111"
42,44,58,60,"0016/0112"
44,46,58,60,"0016/0113"
46,48,58,60,"0016/0114"
48,50,58,60,"0016/0115"
50,52,58,60,"0016/0116"
52,54,58,60,"0016/0117"
54,56,58,60,"0016/0118"
56,58,58,60,"0016/0119"
58,60,58,60,"0016/0120"
60,62,58,60,"0016/0121"
62,64,58,60,"0016/0122"
-142,-140,56,58,"0017/0020"
-140,-138,56,58,"0017/0021"
-138,-136,56,58,"0017/0022"
-136,-134,56,58,"0017/0023"
-134,-132,56,58,"0017/0024"
-132,-130,56,58,"0017/0025"
-130,-128,56,58,"0017/0026"
-128,-126,56,58,"0017/0027"
-126,-124,56,58,"0017/0028"
-124,-122,56,58,"0017/0029"
-122,-120,56,58,"0017/0030"
-120,-118,56,58,"0017/0031"
-118,-116,56,58,"0017/0032"
-116,-114,56,58,"0017/0033"
-114,-112,56,58,"0017/0034"
-112,-110,56,58,"0017/0035"
-110,-108,56,58,"0017/0036"
-108,-106,56,58,"0017/0037"
-106,-104,56,58,"0017/0038"
-104,-102,56,58,"0017/0039"
-102,-100,56,58,"0017/0040"
-100,-98,56,58,"0017/0041"
-98,-96,56,58,"0017/0042"
-96,-94,56,58,"0017/0043"
-94,-92,56,58,"0017/0044"
-92,-90,56,58,"0017/0045"
-90,-88,56,58,"0017/0046"
-88,-86,56,58,"0017/0047"
-80,-78,56,58,"0017/0051"
-78,-76,56,58,"0017/0052"
-76,-74,56,58,"0017/0053"
-74,-72,56,58,"0017/0054"
-72,-70,56,58,"0017/0055"
-70,-68,56,58,"0017/0056"
-68,-66,56,58,"0017/0057"
-66,-64,56,58,"0017/0058"
-64,-62,56,58,"0017/0059"
-62,-60,56,58,"0017/0060"
-60,-58,56,58,"0017/0061"
-10,-8,56,58,"0017/0086"
-8,-6,56,58,"0017/0087"
-6,-4,56,58,"0017/0088"
-4,-2,56,58,"0017/0089"
-2,0,56,58,"0017/0090"
0,2,56,58,"0017/0091"
6,8,56,58,"0017/0094"
8,10,56,58,"0017/0095"
10,12,56,58,"0017/0096"
12,14,56,58,"0017/0097"
14,16,56,58,"0017/0098"
16,18,56,58,"0017/0099"
18,20,56,58,"0017/0100"
20,22,56,58,"0017/0101"
22,24,56,58,"0017/0102"
24,26,56,58,"0017/0103"
26,28,56,58,"0017/0104"
28,30,56,58,"0017/0105"
30,32,56,58,"0017/0106"
32,34,56,58,"0017/0107"
34,36,56,58,"0017/0108"
36,38,56,58,"0017/0109"
38,40,56,58,"0017/0110"
40,42,56,58,"0017/0111"
42,44,56,58,"0017/0112"
44,46,56,58,"0017/0113"
46,48,56,58,"0017/0114"
48,50,56,58,"0017/0115"
50,52,56,58,"0017/0116"
52,54,56,58,"0017/0117"
54,56,56,58,"0017/0118"
56,58,56,58,"0017/0119"
58,60,56,58,"0017/0120"
60,62,56,58,"0017/0121"
62,64,56,58,"0017/0122"
-138,-136,54,56,"0018/0022"
-136,-134,54,56,"0018/0023"
-134,-132,54,56,"0018/0024"
-132,-130,54,56,"0018/0025"
-130,-128,54,56,"0018/0026"
-128,-126,54,56,"0018/0027"
-126,-124,54,56,"0018/0028"
-124,-122,54,56,"0018/0029"
-122,-120,54,56,"0018/0030"
-120,-118,54,56,"0018/0031"
-118,-116,54,56,"0018/0032"
-116,-114,54,56,"0018/0033"
-114,-112,54,56,"0018/0034"
-112,-110,54,56,"0018/0035"
-110,-108,54,56,"0018/0036"
-108,-106,54,56,"0018/0037"
-106,-104,54,56,"0018/0038"
-104,-102,54,56,"0018/0039"
-102,-100,54,56,"0018/0040"
-100,-98,54,56,"0018/0041"
-98,-96,54,56,"0018/0042"
-96,-94,54,56,"0018/0043"
-94,-92,54,56,"0018/0044"
-92,-90,54,56,"0018/0045"
-90,-88,54,56,"0018/0046"
-88,-86,54,56,"0018/0047"
-86,-84,54,56,"0018/0048"
-84,-82,54,56,"0018/0049"
-82,-80,54,56,"0018/0050"
-80,-78,54,56,"0018/0051"
-78,-76,54,56,"0018/0052"
-76,-74,54,56,"0018/0053"
-74,-72,54,56,"0018/0054"
-72,-70,54,56,"0018/0055"
-70,-68,54,56,"0018/0056"
-68,-66,54,56,"0018/0057"
-66,-64,54,56,"0018/0058"
-64,-62,54,56,"0018/0059"
-62,-60,54,56,"0018/0060"
-60,-58,54,56,"0018/0061"
-58,-56,54,56,"0018/0062"
-56,-54,54,56,"0018/0063"
-12,-10,54,56,"0018/0085"
-10,-8,54,56,"0018/0086"
-8,-6,54,56,"0018/0087"
-6,-4,54,56,"0018/0088"
-4,-2,54,56,"0018/0089"
-2,0,54,56,"0018/0090"
0,2,54,56,"0018/0091"
8,10,54,56,"0018/0095"
10,12,54,56,"0018/0096"
12,14,54,56,"0018/0097"
14,16,54,56,"0018/0098"
16,18,54,56,"0018/0099"
18,20,54,56,"0018/0100"
20,22,54,56,"0018/0101"
22,24,54,56,"0018/0102"
24,26,54,56,"0018/0103"
26,28,54,56,"0018/0104"
28,30,54,56,"0018/0105"
30,32,54,56,"0018/0106"
32,34,54,56,"0018/0107"
34,36,54,56,"0018/0108"
36,38,54,56,"0018/0109"
38,40,54,56,"0018/0110"
40,42,54,56,"0018/0111"
42,44,54,56,"0018/0112"
44,46,54,56,"0018/0113"
46,48,54,56,"0018/0114"
48,50,54,56,"0018/0115"
50,52,54,56,"0018/0116"
52,54,54,56,"0018/0117"
54,56,54,56,"0018/0118"
56,58,54,56,"0018/0119"
58,60,54,56,"0018/0120"
60,62,54,56,"0018/0121"
62,64,54,56,"0018/0122"
-134,-132,52,54,"0019/0024"
-132,-130,52,54,"0019/0025"
-130,-128,52,54,"0019/0026"
-128,-126,52,54,"0019/0027"
-126,-124,52,54,"0019/0028"
-124,-122,52,54,"0019/0029"
-122,-120,52,54,"0019/0030"
-120,-118,52,54,"0019/0031"
-118,-116,52,54,"0019/0032"
-116,-114,52,54,"0019/0033"
-114,-112,52,54,"0019/0034"
-112,-110,52,54,"0019/0035"
-110,-108,52,54,"0019/0036"
-108,-106,52,54,"0019/0037"
-106,-104,52,54,"0019/0038"
-104,-102,52,54,"0019/0039"
-102,-100,52,54,"0019/0040"
-100,-98,52,54,"0019/0041"
-98,-96,52,54,"0019/0042"
-96,-94,52,54,"0019/0043"
-94,-92,52,54,"0019/0044"
-92,-90,52,54,"0019/0045"
-90,-88,52,54,"0019/0046"
-88,-86,52,54,"0019/0047"
-86,-84,52,54,"0019/0048"
-84,-82,52,54,"0019/0049"
-82,-80,52,54,"0019/0050"
-80,-78,52,54,"0019/0051"
-78,-76,52,54,"0019/0052"
-76,-74,52,54,"0019/0053"
-74,-72,52,54,"0019/0054"
-72,-70,52,54,"0019/0055"
-70,-68,52,54,"0019/0056"
-68,-66,52,54,"0019/0057"
-66,-64,52,54,"0019/0058"
-64,-62,52,54,"0019/0059"
-62,-60,52,54,"0019/0060"
-60,-58,52,54,"0019/0061"
-58,-56,52,54,"0019/0062"
-56,-54,52,54,"0019/0063"
-12,-10,52,54,"0019/0085"
-10,-8,52,54,"0019/0086"
-8,-6,52,54,"0019/0087"
-6,-4,52,54,"0019/0088"
-4,-2,52,54,"0019/0089"
-2,0,52,54,"0019/0090"
0,2,52,54,"0019/0091"
2,4,52,54,"0019/0092"
4,6,52,54,"0019/0093"
6,8,52,54,"0019/0094"
8,10,52,54,"0019/0095"
10,12,52,54,"0019/0096"
12,14,52,54,"0019/0097"
14,16,52,54,"0019/0098"
16,18,52,54,"0019/0099"
18,20,52,54,"0019/0100"
20,22,52,54,"0019/0101"
22,24,52,54,"0019/0102"
24,26,52,54,"0019/0103"
26,28,52,54,"0019/0104"
28,30,52,54,"0019/0105"
30,32,52,54,"0019/0106"
32,34,52,54,"0019/0107"
34,36,52,54,"0019/0108"
36,38,52,54,"0019/0109"
38,40,52,54,"0019/0110"
40,42,52,54,"0019/0111"
42,44,52,54,"0019/0112"
44,46,52,54,"0019/0113"
46,48,52,54,"0019/0114"
48,50,52,54,"0019/0115"
50,52,52,54,"0019/0116"
52,54,52,54,"0019/0117"
54,56,52,54,"0019/0118"
56,58,52,54,"0019/0119"
58,60,52,54,"0019/0120"
60,62,52,54,"0019/0121"
62,64,52,54,"0019/0122"
-134,-132,50,52,"0020/0024"
-132,-130,50,52,"0020/0025"
-130,-128,50,52,"0020/0026"
-128,-126,50,52,"0020/0027"
-126,-124,50,52,"0020/0028"
-124,-122,50,52,"0020/0029"
-122,-120,50,52,"0020/0030"
-120,-118,50,52,"0020/0031"
-118,-116,50,52,"0020/0032"
-116,-114,50,52,"0020/0033"
-114,-112,50,52,"0020/0034"
-112,-110,50,52,"0020/0035"
-110,-108,50,52,"0020/0036"
-108,-106,50,52,"0020/0037"
-106,-104,50,52,"0020/0038"
-104,-102,50,52,"0020/0039"
-102,-100,50,52,"0020/0040"
-100,-98,50,52,"0020/0041"
-98,-96,50,52,"0020/0042"
-96,-94,50,52,"0020/0043"
-94,-92,50,52,"0020/0044"
-92,-90,50,52,"0020/0045"
-90,-88,50,52,"0020/0046"
-88,-86,50,52,"0020/0047"
-86,-84,50,52,"0020/0048"
-84,-82,50,52,"0020/0049"
-82,-80,50,52,"0020/0050"
-80,-78,50,52,"0020/0051"
-78,-76,50,52,"0020/0052"
-76,-74,50,52,"0020/0053"
-74,-72,50,52,"0020/0054"
-72,-70,50,52,"0020/0055"
-70,-68,50,52,"0020/0056"
-68,-66,50,52,"0020/0057"
-66,-64,50,52,"0020/0058"
-64,-62,50,52,"0020/0059"
-62,-60,50,52,"0020/0060"
-60,-58,50,52,"0020/0061"
-58,-56,50,52,"0020/0062"
-56,-54,50,52,"0020/0063"
-12,-10,50,52,"0020/0085"
-10,-8,50,52,"0020/0086"
-8,-6,50,52,"0020/0087"
-6,-4,50,52,"0020/0088"
-4,-2,50,52,"0020/0089"
-2,0,50,52,"0020/0090"
0,2,50,52,"0020/0091"
2,4,50,52,"0020/0092"
4,6,50,52,"0020/0093"
6,8,50,52,"0020/0094"
8,10,50,52,"0020/0095"
10,12,50,52,"0020/0096"
12,14,50,52,"0020/0097"
14,16,50,52,"0020/0098"
16,18,50,52,"0020/0099"
18,20,50,52,"0020/0100"
20,22,50,52,"0020/0101"
22,24,50,52,"0020/0102"
24,26,50,52,"0020/0103"
26,28,50,52,"0020/0104"
28,30,50,52,"0020/0105"
30,32,50,52,"0020/0106"
32,34,50,52,"0020/0107"
34,36,50,52,"0020/0108"
36,38,50,52,"0020/0109"
38,40,50,52,"0020/0110"
40,42,50,52,"0020/0111"
42,44,50,52,"0020/0112"
44,46,50,52,"0020/0113"
46,48,50,52,"0020/0114"
48,50,50,52,"0020/0115"
50,52,50,52,"0020/0116"
52,54,50,52,"0020/0117"
54,56,50,52,"0020/0118"
56,58,50,52,"0020/0119"
58,60,50,52,"0020/0120"
60,62,50,52,"0020/0121"
62,64,50,52,"0020/0122"
-130,-128,48,50,"0021/0026"
-128,-126,48,50,"0021/0027"
-126,-124,48,50,"0021/0028"
-124,-122,48,50,"0021/0029"
-122,-120,48,50,"0021/0030"
-120,-118,48,50,"0021/0031"
-118,-116,48,50,"0021/0032"
-116,-114,48,50,"0021/0033"
-114,-112,48,50,"0021/0034"
-112,-110,48,50,"0021/0035"
-110,-108,48,50,"0021/0036"
-108,-106,48,50,"0021/0037"
-106,-104,48,50,"0021/0038"
-104,-102,48,50,"0021/0039"
-102,-100,48,50,"0021/0040"
-100,-98,48,50,"0021/0041"
-98,-96,48,50,"0021/0042"
-96,-94,48,50,"0021/0043"
-94,-92,48,50,"0021/0044"
-92,-90,48,50,"0021/0045"
-90,-88,48,50,"0021/0046"
-88,-86,48,50,"0021/0047"
-86,-84,48,50,"0021/0048"
-84,-82,48,50,"0021/0049"
-82,-80,48,50,"0021/0050"
-80,-78,48,50,"0021/0051"
-78,-76,48,50,"0021/0052"
-76,-74,48,50,"0021/0053"
-74,-72,48,50,"0021/0054"
-72,-70,48,50,"0021/0055"
-70,-68,48,50,"0021/0056"
-68,-66,48,50,"0021/0057"
-66,-64,48,50,"0021/0058"
-64,-62,48,50,"0021/0059"
-62,-60,48,50,"0021/0060"
-60,-58,48,50,"0021/0061"
-58,-56,48,50,"0021/0062"
-56,-54,48,50,"0021/0063"
-54,-52,48,50,"0021/0064"
-52,-50,48,50,"0021/0065"
-12,-10,48,50,"0021/0085"
-10,-8,48,50,"0021/0086"
-8,-6,48,50,"0021/0087"
-6,-4,48,50,"0021/0088"
-4,-2,48,50,"0021/0089"
-2,0,48,50,"0021/0090"
0,2,48,50,"0021/0091"
2,4,48,50,"0021/0092"
4,6,48,50,"0021/0093"
6,8,48,50,"0021/0094"
8,10,48,50,"0021/0095"
10,12,48,50,"0021/0096"
12,14,48,50,"0021/0097"
14,16,48,50,"0021/0098"
16,18,48,50,"0021/0099"
18,20,48,50,"0021/0100"
20,22,48,50,"0021/0101"
22,24,48,50,"0021/0102"
24,26,48,50,"0021/0103"
26,28,48,50,"0021/0104"
28,30,48,50,"0021/0105"
30,32,48,50,"0021/0106"
32,34,48,50,"0021/0107"
34,36,48,50,"0021/0108"
36,38,48,50,"0021/0109"
38,40,48,50,"0021/0110"
40,42,48,50,"0021/0111"
42,44,48,50,"0021/0112"
44,46,48,50,"0021/0113"
46,48,48,50,"0021/0114"
48,50,48,50,"0021/0115"
50,52,48,50,"0021/0116"
52,54,48,50,"0021/0117"
54,56,48,50,"0021/0118"
56,58,48,50,"0021/0119"
58,60,48,50,"0021/0120"
60,62,48,50,"0021/0121"
62,64,48,50,"0021/0122"
64,66,48,50,"0021/0123"
-128,-126,46,48,"0022/0027"
-126,-124,46,48,"0022/0028"
-124,-122,46,48,"0022/0029"
-122,-120,46,48,"0022/0030"
-120,-118,46,48,"0022/0031"
-118,-116,46,48,"0022/0032"
-116,-114,46,48,"0022/0033"
-114,-112,46,48,"0022/0034"
-112,-110,46,48,"0022/0035"
-110,-108,46,48,"0022/0036"
-108,-106,46,48,"0022/0037"
-106,-104,46,48,"0022/0038"
-104,-102,46,48,"0022/0039"
-102,-100,46,48,"0022/0040"
-100,-98,46,48,"0022/0041"
-98,-96,46,48,"0022/0042"
-96,-94,46,48,"0022/0043"
-94,-92,46,48,"0022/0044"
-92,-90,46,48,"0022/0045"
-90,-88,46,48,"0022/0046"
-88,-86,46,48,"0022/0047"
-86,-84,46,48,"0022/0048"
-84,-82,46,48,"0022/0049"
-82,-80,46,48,"0022/0050"
-80,-78,46,48,"0022/0051"
-78,-76,46,48,"0022/0052"
-76,-74,46,48,"0022/0053"
-74,-72,46,48,"0022/0054"
-72,-70,46,48,"0022/0055"
-70,-68,46,48,"0022/0056"
-68,-66,46,48,"0022/0057"
-66,-64,46,48,"0022/0058"
-64,-62,46,48,"0022/0059"
-62,-60,46,48,"0022/0060"
-60,-58,46,48,"0022/0061"
-58,-56,46,48,"0022/0062"
-56,-54,46,48,"0022/0063"
-54,-52,46,48,"0022/0064"
-52,-50,46,48,"0022/0065"
-4,-2,46,48,"0022/0089"
-2,0,46,48,"0022/0090"
0,2,46,48,"0022/0091"
2,4,46,48,"0022/0092"
4,6,46,48,"0022/0093"
6,8,46,48,"0022/0094"
8,10,46,48,"0022/0095"
10,12,46,48,"0022/0096"
12,14,46,48,"0022/0097"
14,16,46,48,"0022/0098"
16,18,46,48,"0022/0099"
18,20,46,48,"0022/0100"
20,22,46,48,"0022/0101"
22,24,46,48,"0022/0102"
24,26,46,48,"0022/0103"
26,28,46,48,"0022/0104"
28,30,46,48,"0022/0105"
30,32,46,48,"0022/0106"
32,34,46,48,"0022/0107"
34,36,46,48,"0022/0108"
36,38,46,48,"0022/0109"
38,40,46,48,"0022/0110"
40,42,46,48,"0022/0111"
42,44,46,48,"0022/0112"
44,46,46,48,"0022/0113"
46,48,46,48,"0022/0114"
48,50,46,48,"0022/0115"
50,52,46,48,"0022/0116"
52,54,46,48,"0022/0117"
54,56,46,48,"0022/0118"
56,58,46,48,"0022/0119"
58,60,46,48,"0022/0120"
60,62,46,48,"0022/0121"
62,64,46,48,"0022/0122"
-124,-122,44,46,"0023/0029"
-122,-120,44,46,"0023/0030"
-120,-118,44,46,"0023/0031"
-118,-116,44,46,"0023/0032"
-116,-114,44,46,"0023/0033"
-114,-112,44,46,"0023/0034"
-112,-110,44,46,"0023/0035"
-110,-108,44,46,"0023/0036"
-108,-106,44,46,"0023/0037"
-106,-104,44,46,"0023/0038"
-104,-102,44,46,"0023/0039"
-102,-100,44,46,"0023/0040"
-100,-98,44,46,"0023/0041"
-98,-96,44,46,"0023/0042"
-96,-94,44,46,"0023/0043"
-94,-92,44,46,"0023/0044"
-92,-90,44,46,"0023/0045"
-90,-88,44,46,"0023/0046"
-88,-86,44,46,"0023/0047"
-86,-84,44,46,"0023/0048"
-84,-82,44,46,"0023/0049"
-82,-80,44,46,"0023/0050"
-80,-78,44,46,"0023/0051"
-78,-76,44,46,"0023/0052"
-76,-74,44,46,"0023/0053"
-74,-72,44,46,"0023/0054"
-72,-70,44,46,"0023/0055"
-70,-68,44,46,"0023/0056"
-68,-66,44,46,"0023/0057"
-66,-64,44,46,"0023/0058"
-64,-62,44,46,"0023/0059"
-62,-60,44,46,"0023/0060"
-60,-58,44,46,"0023/0061"
-58,-56,44,46,"0023/0062"
-56,-54,44,46,"0023/0063"
-54,-52,44,46,"0023/0064"
-52,-50,44,46,"0023/0065"
-4,-2,44,46,"0023/0089"
-2,0,44,46,"0023/0090"
0,2,44,46,"0023/0091"
2,4,44,46,"0023/0092"
4,6,44,46,"0023/0093"
6,8,44,46,"0023/0094"
8,10,44,46,"0023/0095"
10,12,44,46,"0023/0096"
12,14,44,46,"0023/0097"
14,16,44,46,"0023/0098"
16,18,44,46,"0023/0099"
18,20,44,46,"0023/0100"
20,22,44,46,"0023/0101"
22,24,44,46,"0023/0102"
24,26,44,46,"0023/0103"
26,28,44,46,"0023/0104"
28,30,44,46,"0023/0105"
32,34,44,46,"0023/0107"
34,36,44,46,"0023/0108"
36,38,44,46,"0023/0109"
38,40,44,46,"0023/0110"
40,42,44,46,"0023/0111"
42,44,44,46,"0023/0112"
44,46,44,46,"0023/0113"
46,48,44,46,"0023/0114"
48,50,44,46,"0023/0115"
50,52,44,46,"0023/0116"
52,54,44,46,"0023/0117"
54,56,44,46,"0023/0118"
56,58,44,46,"0023/0119"
58,60,44,46,"0023/0120"
60,62,44,46,"0023/0121"
-124,-122,42,44,"0024/0029"
-122,-120,42,44,"0024/0030"
-120,-118,42,44,"0024/0031"
-118,-116,42,44,"0024/0032"
-116,-114,42,44,"0024/0033"
-114,-112,42,44,"0024/0034"
-112,-110,42,44,"0024/0035"
-110,-108,42,44,"0024/0036"
-108,-106,42,44,"0024/0037"
-106,-104,42,44,"0024/0038"
-104,-102,42,44,"0024/0039"
-102,-100,42,44,"0024/0040"
-100,-98,42,44,"0024/0041"
-98,-96,42,44,"0024/0042"
-96,-94,42,44,"0024/0043"
-94,-92,42,44,"0024/0044"
-92,-90,42,44,"0024/0045"
-90,-88,42,44,"0024/0046"
-88,-86,42,44,"0024/0047"
-86,-84,42,44,"0024/0048"
-84,-82,42,44,"0024/0049"
-82,-80,42,44,"0024/0050"
-80,-78,42,44,"0024/0051"
-78,-76,42,44,"0024/0052"
-76,-74,42,44,"0024/0053"
-74,-72,42,44,"0024/0054"
-72,-70,42,44,"0024/0055"
-70,-68,42,44,"0024/0056"
-68,-66,42,44,"0024/0057"
-66,-64,42,44,"0024/0058"
-64,-62,42,44,"0024/0059"
-62,-60,42,44,"0024/0060"
-60,-58,42,44,"0024/0061"
-58,-56,42,44,"0024/0062"
-10,-8,42,44,"0024/0086"
-8,-6,42,44,"0024/0087"
-6,-4,42,44,"0024/0088"
-4,-2,42,44,"0024/0089"
-2,0,42,44,"0024/0090"
0,2,42,44,"0024/0091"
2,4,42,44,"0024/0092"
4,6,42,44,"0024/0093"
6,8,42,44,"0024/0094"
8,10,42,44,"0024/0095"
10,12,42,44,"0024/0096"
12,14,42,44,"0024/0097"
14,16,42,44,"0024/0098"
16,18,42,44,"0024/0099"
18,20,42,44,"0024/0100"
20,22,42,44,"0024/0101"
22,24,42,44,"0024/0102"
24,26,42,44,"0024/0103"
26,28,42,44,"0024/0104"
28,30,42,44,"0024/0105"
38,40,42,44,"0024/0110"
40,42,42,44,"0024/0111"
42,44,42,44,"0024/0112"
44,46,42,44,"0024/0113"
46,48,42,44,"0024/0114"
50,52,42,44,"0024/0116"
52,54,42,44,"0024/0117"
54,56,42,44,"0024/0118"
56,58,42,44,"0024/0119"
58,60,42,44,"0024/0120"
60,62,42,44,"0024/0121"
62,64,42,44,"0024/0122"
-124,-122,40,42,"0025/0029"
-122,-120,40,42,"0025/0030"
-120,-118,40,42,"0025/0031"
-118,-116,40,42,"0025/0032"
-116,-114,40,42,"0025/0033"
-114,-112,40,42,"0025/0034"
-112,-110,40,42,"0025/0035"
-110,-108,40,42,"0025/0036"
-108,-106,40,42,"0025/0037"
-106,-104,40,42,"0025/0038"
-104,-102,40,42,"0025/0039"
-102,-100,40,42,"0025/0040"
-100,-98,40,42,"0025/0041"
-98,-96,40,42,"0025/0042"
-96,-94,40,42,"0025/0043"
-94,-92,40,42,"0025/0044"
-92,-90,40,42,"0025/0045"
-90,-88,40,42,"0025/0046"
-88,-86,40,42,"0025/0047"
-86,-84,40,42,"0025/0048"
-84,-82,40,42,"0025/0049"
-82,-80,40,42,"0025/0050"
-80,-78,40,42,"0025/0051"
-78,-76,40,42,"0025/0052"
-76,-74,40,42,"0025/0053"
-74,-72,40,42,"0025/0054"
-72,-70,40,42,"0025/0055"
-70,-68,40,42,"0025/0056"
-68,-66,40,42,"0025/0057"
-66,-64,40,42,"0025/0058"
-64,-62,40,42,"0025/0059"
-62,-60,40,42,"0025/0060"
-10,-8,40,42,"0025/0086"
-8,-6,40,42,"0025/0087"
-6,-4,40,42,"0025/0088"
-4,-2,40,42,"0025/0089"
-2,0,40,42,"0025/0090"
0,2,40,42,"0025/0091"
2,4,40,42,"0025/0092"
8,10,40,42,"0025/0095"
10,12,40,42,"0025/0096"
12,14,40,42,"0025/0097"
14,16,40,42,"0025/0098"
16,18,40,42,"0025/0099"
18,20,40,42,"0025/0100"
20,22,40,42,"0025/0101"
22,24,40,42,"0025/0102"
24,26,40,42,"0025/0103"
26,28,40,42,"0025/0104"
28,30,40,42,"0025/0105"
30,32,40,42,"0025/0106"
32,34,40,42,"0025/0107"
34,36,40,42,"0025/0108"
36,38,40,42,"0025/0109"
38,40,40,42,"0025/0110"
40,42,40,42,"0025/0111"
42,44,40,42,"0025/0112"
44,46,40,42,"0025/0113"
46,48,40,42,"0025/0114"
48,50,40,42,"0025/0115"
52,54,40,42,"0025/0117"
54,56,40,42,"0025/0118"
56,58,40,42,"0025/0119"
58,60,40,42,"0025/0120"
60,62,40,42,"0025/0121"
62,64,40,42,"0025/0122"
-124,-122,38,40,"0026/0029"
-122,-120,38,40,"0026/0030"
-120,-118,38,40,"0026/0031"
-118,-116,38,40,"0026/0032"
-116,-114,38,40,"0026/0033"
-114,-112,38,40,"0026/0034"
-112,-110,38,40,"0026/0035"
-110,-108,38,40,"0026/0036"
-108,-106,38,40,"0026/0037"
-106,-104,38,40,"0026/0038"
-104,-102,38,40,"0026/0039"
-102,-100,38,40,"0026/0040"
-100,-98,38,40,"0026/0041"
-98,-96,38,40,"0026/0042"
-96,-94,38,40,"0026/0043"
-94,-92,38,40,"0026/0044"
-92,-90,38,40,"0026/0045"
-90,-88,38,40,"0026/0046"
-88,-86,38,40,"0026/0047"
-86,-84,38,40,"0026/0048"
-84,-82,38,40,"0026/0049"
-82,-80,38,40,"0026/0050"
-80,-78,38,40,"0026/0051"
-78,-76,38,40,"0026/0052"
-76,-74,38,40,"0026/0053"
-74,-72,38,40,"0026/0054"
-72,-70,38,40,"0026/0055"
-70,-68,38,40,"0026/0056"
-68,-66,38,40,"0026/0057"
-10,-8,38,40,"0026/0086"
-8,-6,38,40,"0026/0087"
-6,-4,38,40,"0026/0088"
-4,-2,38,40,"0026/0089"
-2,0,38,40,"0026/0090"
0,2,38,40,"0026/0091"
2,4,38,40,"0026/0092"
8,10,38,40,"0026/0095"
14,16,38,40,"0026/0098"
16,18,38,40,"0026/0099"
18,20,38,40,"0026/0100"
20,22,38,40,"0026/0101"
22,24,38,40,"0026/0102"
24,26,38,40,"0026/0103"
26,28,38,40,"0026/0104"
28,30,38,40,"0026/0105"
30,32,38,40,"0026/0106"
32,34,38,40,"0026/0107"
34,36,38,40,"0026/0108"
36,38,38,40,"0026/0109"
38,40,38,40,"0026/0110"
40,42,38,40,"0026/0111"
42,44,38,40,"0026/0112"
44,46,38,40,"0026/0113"
46,48,38,40,"0026/0114"
48,50,38,40,"0026/0115"
52,54,38,40,"0026/0117"
54,56,38,40,"0026/0118"
56,58,38,40,"0026/0119"
58,60,38,40,"0026/0120"
60,62,38,40,"0026/0121"
62,64,38,40,"0026/0122"
-124,-122,36,38,"0027/0029"
-122,-120,36,38,"0027/0030"
-120,-118,36,38,"0027/0031"
-118,-116,36,38,"0027/0032"
-116,-114,36,38,"0027/0033"
-114,-112,36,38,"0027/0034"
-112,-110,36,38,"0027/0035"
-110,-108,36,38,"0027/0036"
-108,-106,36,38,"0027/0037"
-106,-104,36,38,"0027/0038"
-104,-102,36,38,"0027/0039"
-102,-100,36,38,"0027/0040"
-100,-98,36,38,"0027/0041"
-98,-96,36,38,"0027/0042"
-96,-94,36,38,"0027/0043"
-94,-92,36,38,"0027/0044"
-92,-90,36,38,"0027/0045"
-90,-88,36,38,"0027/0046"
-88,-86,36,38,"0027/0047"
-86,-84,36,38,"0027/0048"
-84,-82,36,38,"0027/0049"
-82,-80,36,38,"0027/0050"
-80,-78,36,38,"0027/0051"
-78,-76,36,38,"0027/0052"
-76,-74,36,38,"0027/0053"
-74,-72,36,38,"0027/0054"
-72,-70,36,38,"0027/0055"
-10,-8,36,38,"0027/0086"
-8,-6,36,38,"0027/0087"
-6,-4,36,38,"0027/0088"
-4,-2,36,38,"0027/0089"
-2,0,36,38,"0027/0090"
0,2,36,38,"0027/0091"
2,4,36,38,"0027/0092"
4,6,36,38,"0027/0093"
6,8,36,38,"0027/0094"
8,10,36,38,"0027/0095"
10,12,36,38,"0027/0096"
12,14,36,38,"0027/0097"
14,16,36,38,"0027/0098"
20,22,36,38,"0027/0101"
22,24,36,38,"0027/0102"
24,26,36,38,"0027/0103"
26,28,36,38,"0027/0104"
28,30,36,38,"0027/0105"
30,32,36,38,"0027/0106"
32,34,36,38,"0027/0107"
34,36,36,38,"0027/0108"
36,38,36,38,"0027/0109"
38,40,36,38,"0027/0110"
40,42,36,38,"0027/0111"
42,44,36,38,"0027/0112"
44,46,36,38,"0027/0113"
46,48,36,38,"0027/0114"
48,50,36,38,"0027/0115"
50,52,36,38,"0027/0116"
52,54,36,38,"0027/0117"
54,56,36,38,"0027/0118"
56,58,36,38,"0027/0119"
58,60,36,38,"0027/0120"
60,62,36,38,"0027/0121"
62,64,36,38,"0027/0122"
-124,-122,34,36,"0028/0029"
-122,-120,34,36,"0028/0030"
-120,-118,34,36,"0028/0031"
-118,-116,34,36,"0028/0032"
-116,-114,34,36,"0028/0033"
-114,-112,34,36,"0028/0034"
-112,-110,34,36,"0028/0035"
-110,-108,34,36,"0028/0036"
-108,-106,34,36,"0028/0037"
-106,-104,34,36,"0028/0038"
-104,-102,34,36,"0028/0039"
-102,-100,34,36,"0028/0040"
-100,-98,34,36,"0028/0041"
-98,-96,34,36,"0028/0042"
-96,-94,34,36,"0028/0043"
-94,-92,34,36,"0028/0044"
-92,-90,34,36,"0028/0045"
-90,-88,34,36,"0028/0046"
-88,-86,34,36,"0028/0047"
-86,-84,34,36,"0028/0048"
-84,-82,34,36,"0028/0049"
-82,-80,34,36,"0028/0050"
-80,-78,34,36,"0028/0051"
-78,-76,34,36,"0028/0052"
-76,-74,34,36,"0028/0053"
-10,-8,34,36,"0028/0086"
-8,-6,34,36,"0028/0087"
-6,-4,34,36,"0028/0088"
-4,-2,34,36,"0028/0089"
-2,0,34,36,"0028/0090"
0,2,34,36,"0028/0091"
2,4,34,36,"0028/0092"
4,6,34,36,"0028/0093"
6,8,34,36,"0028/0094"
8,10,34,36,"0028/0095"
10,12,34,36,"0028/0096"
24,26,34,36,"0028/0103"
32,34,34,36,"0028/0107"
34,36,34,36,"0028/0108"
36,38,34,36,"0028/0109"
38,40,34,36,"0028/0110"
40,42,34,36,"0028/0111"
42,44,34,36,"0028/0112"
44,46,34,36,"0028/0113"
46,48,34,36,"0028/0114"
48,50,34,36,"0028/0115"
50,52,34,36,"0028/0116"
52,54,34,36,"0028/0117"
54,56,34,36,"0028/0118"
56,58,34,36,"0028/0119"
58,60,34,36,"0028/0120"
60,62,34,36,"0028/0121"
62,64,34,36,"0028/0122"
64,66,34,36,"0028/0123"
-122,-120,32,34,"0029/0030"
-120,-118,32,34,"0029/0031"
-118,-116,32,34,"0029/0032"
-116,-114,32,34,"0029/0033"
-114,-112,32,34,"0029/0034"
-112,-110,32,34,"0029/0035"
-110,-108,32,34,"0029/0036"
-108,-106,32,34,"0029/0037"
-106,-104,32,34,"0029/0038"
-104,-102,32,34,"0029/0039"
-102,-100,32,34,"0029/0040"
-100,-98,32,34,"0029/0041"
-98,-96,32,34,"0029/0042"
-96,-94,32,34,"0029/0043"
-94,-92,32,34,"0029/0044"
-92,-90,32,34,"0029/0045"
-90,-88,32,34,"0029/0046"
-88,-86,32,34,"0029/0047"
-86,-84,32,34,"0029/0048"
-84,-82,32,34,"0029/0049"
-82,-80,32,34,"0029/0050"
-80,-78,32,34,"0029/0051"
-78,-76,32,34,"0029/0052"
-76,-74,32,34,"0029/0053"
-10,-8,32,34,"0029/0086"
-8,-6,32,34,"0029/0087"
-6,-4,32,34,"0029/0088"
-4,-2,32,34,"0029/0089"
-2,0,32,34,"0029/0090"
0,2,32,34,"0029/0091"
2,4,32,34,"0029/0092"
4,6,32,34,"0029/0093"
6,8,32,34,"0029/0094"
8,10,32,34,"0029/0095"
10,12,32,34,"0029/0096"
12,14,32,34,"0029/0097"
14,16,32,34,"0029/0098"
16,18,32,34,"0029/0099"
18,20,32,34,"0029/0100"
20,22,32,34,"0029/0101"
22,24,32,34,"0029/0102"
24,26,32,34,"0029/0103"
32,34,32,34,"0029/0107"
34,36,32,34,"0029/0108"
36,38,32,34,"0029/0109"
38,40,32,34,"0029/0110"
40,42,32,34,"0029/0111"
42,44,32,34,"0029/0112"
44,46,32,34,"0029/0113"
46,48,32,34,"0029/0114"
48,50,32,34,"0029/0115"
50,52,32,34,"0029/0116"
52,54,32,34,"0029/0117"
54,56,32,34,"0029/0118"
56,58,32,34,"0029/0119"
58,60,32,34,"0029/0120"
60,62,32,34,"0029/0121"
62,64,32,34,"0029/0122"
-122,-120,30,32,"0030/0030"
-120,-118,30,32,"0030/0031"
-118,-116,30,32,"0030/0032"
-116,-114,30,32,"0030/0033"
-114,-112,30,32,"0030/0034"
-112,-110,30,32,"0030/0035"
-110,-108,30,32,"0030/0036"
-108,-106,30,32,"0030/0037"
-106,-104,30,32,"0030/0038"
-104,-102,30,32,"0030/0039"
-102,-100,30,32,"0030/0040"
-100,-98,30,32,"0030/0041"
-98,-96,30,32,"0030/0042"
-96,-94,30,32,"0030/0043"
-94,-92,30,32,"0030/0044"
-92,-90,30,32,"0030/0045"
-90,-88,30,32,"0030/0046"
-88,-86,30,32,"0030/0047"
-86,-84,30,32,"0030/0048"
-84,-82,30,32,"0030/0049"
-82,-80,30,32,"0030/0050"
-80,-78,30,32,"0030/0051"
-78,-76,30,32,"0030/0052"
-10,-8,30,32,"0030/0086"
-8,-6,30,32,"0030/0087"
-6,-4,30,32,"0030/0088"
-4,-2,30,32,"0030/0089"
-2,0,30,32,"0030/0090"
0,2,30,32,"0030/0091"
2,4,30,32,"0030/0092"
4,6,30,32,"0030/0093"
6,8,30,32,"0030/0094"
8,10,30,32,"0030/0095"
10,12,30,32,"0030/0096"
12,14,30,32,"0030/0097"
14,16,30,32,"0030/0098"
16,18,30,32,"0030/0099"
18,20,30,32,"0030/0100"
20,22,30,32,"0030/0101"
22,24,30,32,"0030/0102"
24,26,30,32,"0030/0103"
26,28,30,32,"0030/0104"
28,30,30,32,"0030/0105"
30,32,30,32,"0030/0106"
32,34,30,32,"0030/0107"
34,36,30,32,"0030/0108"
36,38,30,32,"0030/0109"
38,40,30,32,"0030/0110"
40,42,30,32,"0030/0111"
42,44,30,32,"0030/0112"
44,46,30,32,"0030/0113"
46,48,30,32,"0030/0114"
48,50,30,32,"0030/0115"
50,52,30,32,"0030/0116"
52,54,30,32,"0030/0117"
54,56,30,32,"0030/0118"
56,58,30,32,"0030/0119"
58,60,30,32,"0030/0120"
60,62,30,32,"0030/0121"
62,64,30,32,"0030/0122"
-118,-116,28,30,"0031/0032"
-116,-114,28,30,"0031/0033"
-114,-112,28,30,"0031/0034"
-112,-110,28,30,"0031/0035"
-110,-108,28,30,"0031/0036"
-108,-106,28,30,"0031/0037"
-106,-104,28,30,"0031/0038"
-104,-102,28,30,"0031/0039"
-102,-100,28,30,"0031/0040"
-100,-98,28,30,"0031/0041"
-98,-96,28,30,"0031/0042"
-96,-94,28,30,"0031/0043"
-94,-92,28,30,"0031/0044"
-92,-90,28,30,"0031/0045"
-90,-88,28,30,"0031/0046"
-88,-86,28,30,"0031/0047"
-86,-84,28,30,"0031/0048"
-84,-82,28,30,"0031/0049"
-82,-80,28,30,"0031/0050"
-80,-78,28,30,"0031/0051"
-18,-16,28,30,"0031/0082"
-16,-14,28,30,"0031/0083"
-14,-12,28,30,"0031/0084"
-12,-10,28,30,"0031/0085"
-10,-8,28,30,"0031/0086"
-8,-6,28,30,"0031/0087"
-6,-4,28,30,"0031/0088"
-4,-2,28,30,"0031/0089"
-2,0,28,30,"0031/0090"
0,2,28,30,"0031/0091"
2,4,28,30,"0031/0092"
4,6,28,30,"0031/0093"
6,8,28,30,"0031/0094"
8,10,28,30,"0031/0095"
10,12,28,30,"0031/0096"
12,14,28,30,"0031/0097"
14,16,28,30,"0031/0098"
16,18,28,30,"0031/0099"
18,20,28,30,"0031/0100"
20,22,28,30,"0031/0101"
22,24,28,30,"0031/0102"
24,26,28,30,"0031/0103"
26,28,28,30,"0031/0104"
28,30,28,30,"0031/0105"
30,32,28,30,"0031/0106"
32,34,28,30,"0031/0107"
34,36,28,30,"0031/0108"
36,38,28,30,"0031/0109"
38,40,28,30,"0031/0110"
40,42,28,30,"0031/0111"
42,44,28,30,"0031/0112"
44,46,28,30,"0031/0113"
46,48,28,30,"0031/0114"
48,50,28,30,"0031/0115"
50,52,28,30,"0031/0116"
52,54,28,30,"0031/0117"
54,56,28,30,"0031/0118"
56,58,28,30,"0031/0119"
58,60,28,30,"0031/0120"
60,62,28,30,"0031/0121"
62,64,28,30,"0031/0122"
-120,-118,26,28,"0032/0031"
-118,-116,26,28,"0032/0032"
-116,-114,26,28,"0032/0033"
-114,-112,26,28,"0032/0034"
-112,-110,26,28,"0032/0035"
-110,-108,26,28,"0032/0036"
-108,-106,26,28,"0032/0037"
-106,-104,26,28,"0032/0038"
-104,-102,26,28,"0032/0039"
-102,-100,26,28,"0032/0040"
-100,-98,26,28,"0032/0041"
-98,-96,26,28,"0032/0042"
-96,-94,26,28,"0032/0043"
-94,-92,26,28,"0032/0044"
-92,-90,26,28,"0032/0045"
-90,-88,26,28,"0032/0046"
-88,-86,26,28,"0032/0047"
-86,-84,26,28,"0032/0048"
-84,-82,26,28,"0032/0049"
-82,-80,26,28,"0032/0050"
-80,-78,26,28,"0032/0051"
-78,-76,26,28,"0032/0052"
-76,-74,26,28,"0032/0053"
-18,-16,26,28,"0032/0082"
-16,-14,26,28,"0032/0083"
-14,-12,26,28,"0032/0084"
-12,-10,26,28,"0032/0085"
-10,-8,26,28,"0032/0086"
-8,-6,26,28,"0032/0087"
-6,-4,26,28,"0032/0088"
-4,-2,26,28,"0032/0089"
-2,0,26,28,"0032/0090"
0,2,26,28,"0032/0091"
2,4,26,28,"0032/0092"
4,6,26,28,"0032/0093"
6,8,26,28,"0032/0094"
8,10,26,28,"0032/0095"
10,12,26,28,"0032/0096"
12,14,26,28,"0032/0097"
14,16,26,28,"0032/0098"
16,18,26,28,"0032/0099"
18,20,26,28,"0032/0100"
20,22,26,28,"0032/0101"
22,24,26,28,"0032/0102"
24,26,26,28,"0032/0103"
26,28,26,28,"0032/0104"
28,30,26,28,"0032/0105"
30,32,26,28,"0032/0106"
32,34,26,28,"0032/0107"
34,36,26,28,"0032/0108"
36,38,26,28,"0032/0109"
38,40,26,28,"0032/0110"
40,42,26,28,"0032/0111"
42,44,26,28,"0032/0112"
44,46,26,28,"0032/0113"
46,48,26,28,"0032/0114"
48,50,26,28,"0032/0115"
50,52,26,28,"0032/0116"
52,54,26,28,"0032/0117"
54,56,26,28,"0032/0118"
56,58,26,28,"0032/0119"
58,60,26,28,"0032/0120"
60,62,26,28,"0032/0121"
62,64,26,28,"0032/0122"
-118,-116,24,26,"0033/0032"
-116,-114,24,26,"0033/0033"
-114,-112,24,26,"0033/0034"
-112,-110,24,26,"0033/0035"
-110,-108,24,26,"0033/0036"
-108,-106,24,26,"0033/0037"
-106,-104,24,26,"0033/0038"
-104,-102,24,26,"0033/0039"
-102,-100,24,26,"0033/0040"
-100,-98,24,26,"0033/0041"
-98,-96,24,26,"0033/0042"
-96,-94,24,26,"0033/0043"
-84,-82,24,26,"0033/0049"
-82,-80,24,26,"0033/0050"
-80,-78,24,26,"0033/0051"
-78,-76,24,26,"0033/0052"
-76,-74,24,26,"0033/0053"
-16,-14,24,26,"0033/0083"
-14,-12,24,26,"0033/0084"
-12,-10,24,26,"0033/0085"
-10,-8,24,26,"0033/0086"
-8,-6,24,26,"0033/0087"
-6,-4,24,26,"0033/0088"
-4,-2,24,26,"0033/0089"
-2,0,24,26,"0033/0090"
0,2,24,26,"0033/0091"
2,4,24,26,"0033/0092"
4,6,24,26,"0033/0093"
6,8,24,26,"0033/0094"
8,10,24,26,"0033/0095"
10,12,24,26,"0033/0096"
12,14,24,26,"0033/0097"
14,16,24,26,"0033/0098"
16,18,24,26,"0033/0099"
18,20,24,26,"0033/0100"
20,22,24,26,"0033/0101"
22,24,24,26,"0033/0102"
24,26,24,26,"0033/0103"
26,28,24,26,"0033/0104"
28,30,24,26,"0033/0105"
30,32,24,26,"0033/0106"
32,34,24,26,"0033/0107"
34,36,24,26,"0033/0108"
36,38,24,26,"0033/0109"
38,40,24,26,"0033/0110"
40,42,24,26,"0033/0111"
42,44,24,26,"0033/0112"
44,46,24,26,"0033/0113"
46,48,24,26,"0033/0114"
48,50,24,26,"0033/0115"
50,52,24,26,"0033/0116"
52,54,24,26,"0033/0117"
54,56,24,26,"0033/0118"
56,58,24,26,"0033/0119"
58,60,24,26,"0033/0120"
60,62,24,26,"0033/0121"
62,64,24,26,"0033/0122"
-112,-110,22,24,"0034/0035"
-110,-108,22,24,"0034/0036"
-108,-106,22,24,"0034/0037"
-106,-104,22,24,"0034/0038"
-104,-102,22,24,"0034/0039"
-102,-100,22,24,"0034/0040"
-100,-98,22,24,"0034/0041"
-98,-96,22,24,"0034/0042"
-96,-94,22,24,"0034/0043"
-84,-82,22,24,"0034/0049"
-82,-80,22,24,"0034/0050"
-80,-78,22,24,"0034/0051"
-78,-76,22,24,"0034/0052"
-76,-74,22,24,"0034/0053"
-74,-72,22,24,"0034/0054"
-72,-70,22,24,"0034/0055"
-18,-16,22,24,"0034/0082"
-16,-14,22,24,"0034/0083"
-14,-12,22,24,"0034/0084"
-12,-10,22,24,"0034/0085"
-10,-8,22,24,"0034/0086"
-8,-6,22,24,"0034/0087"
-6,-4,22,24,"0034/0088"
-4,-2,22,24,"0034/0089"
-2,0,22,24,"0034/0090"
0,2,22,24,"0034/0091"
2,4,22,24,"0034/0092"
4,6,22,24,"0034/0093"
6,8,22,24,"0034/0094"
8,10,22,24,"0034/0095"
10,12,22,24,"0034/0096"
12,14,22,24,"0034/0097"
14,16,22,24,"0034/0098"
16,18,22,24,"0034/0099"
18,20,22,24,"0034/0100"
20,22,22,24,"0034/0101"
22,24,22,24,"0034/0102"
24,26,22,24,"0034/0103"
26,28,22,24,"0034/0104"
28,30,22,24,"0034/0105"
30,32,22,24,"0034/0106"
32,34,22,24,"0034/0107"
34,36,22,24,"0034/0108"
36,38,22,24,"0034/0109"
38,40,22,24,"0034/0110"
40,42,22,24,"0034/0111"
42,44,22,24,"0034/0112"
44,46,22,24,"0034/0113"
46,48,22,24,"0034/0114"
48,50,22,24,"0034/0115"
50,52,22,24,"0034/0116"
52,54,22,24,"0034/0117"
54,56,22,24,"0034/0118"
56,58,22,24,"0034/0119"
58,60,22,24,"0034/0120"
-112,-110,20,22,"0035/0035"
-110,-108,20,22,"0035/0036"
-108,-106,20,22,"0035/0037"
-106,-104,20,22,"0035/0038"
-104,-102,20,22,"0035/0039"
-102,-100,20,22,"0035/0040"
-100,-98,20,22,"0035/0041"
-98,-96,20,22,"0035/0042"
-96,-94,20,22,"0035/0043"
-92,-90,20,22,"0035/0045"
-90,-88,20,22,"0035/0046"
-88,-86,20,22,"0035/0047"
-86,-84,20,22,"0035/0048"
-84,-82,20,22,"0035/0049"
-82,-80,20,22,"0035/0050"
-80,-78,20,22,"0035/0051"
-78,-76,20,22,"0035/0052"
-76,-74,20,22,"0035/0053"
-74,-72,20,22,"0035/0054"
-72,-70,20,22,"0035/0055"
-70,-68,20,22,"0035/0056"
-18,-16,20,22,"0035/0082"
-16,-14,20,22,"0035/0083"
-14,-12,20,22,"0035/0084"
-12,-10,20,22,"0035/0085"
-10,-8,20,22,"0035/0086"
-8,-6,20,22,"0035/0087"
-6,-4,20,22,"0035/0088"
-4,-2,20,22,"0035/0089"
-2,0,20,22,"0035/0090"
0,2,20,22,"0035/0091"
2,4,20,22,"0035/0092"
4,6,20,22,"0035/0093"
6,8,20,22,"0035/0094"
8,10,20,22,"0035/0095"
10,12,20,22,"0035/0096"
12,14,20,22,"0035/0097"
14,16,20,22,"0035/0098"
16,18,20,22,"0035/0099"
18,20,20,22,"0035/0100"
20,22,20,22,"0035/0101"
22,24,20,22,"0035/0102"
24,26,20,22,"0035/0103"
26,28,20,22,"0035/0104"
28,30,20,22,"0035/0105"
30,32,20,22,"0035/0106"
32,34,20,22,"0035/0107"
34,36,20,22,"0035/0108"
36,38,20,22,"0035/0109"
38,40,20,22,"0035/0110"
40,42,20,22,"0035/0111"
42,44,20,22,"0035/0112"
44,46,20,22,"0035/0113"
46,48,20,22,"0035/0114"
48,50,20,22,"0035/0115"
50,52,20,22,"0035/0116"
52,54,20,22,"0035/0117"
54,56,20,22,"0035/0118"
56,58,20,22,"0035/0119"
58,60,20,22,"0035/0120"
-108,-106,18,20,"0036/0037"
-106,-104,18,20,"0036/0038"
-104,-102,18,20,"0036/0039"
-102,-100,18,20,"0036/0040"
-100,-98,18,20,"0036/0041"
-98,-96,18,20,"0036/0042"
-96,-94,18,20,"0036/0043"
-94,-92,18,20,"0036/0044"
-92,-90,18,20,"0036/0045"
-90,-88,18,20,"0036/0046"
-88,-86,18,20,"0036/0047"
-86,-84,18,20,"0036/0048"
-84,-82,18,20,"0036/0049"
-82,-80,18,20,"0036/0050"
-80,-78,18,20,"0036/0051"
-78,-76,18,20,"0036/0052"
-76,-74,18,20,"0036/0053"
-74,-72,18,20,"0036/0054"
-72,-70,18,20,"0036/0055"
-70,-68,18,20,"0036/0056"
-68,-66,18,20,"0036/0057"
-66,-64,18,20,"0036/0058"
-64,-62,18,20,"0036/0059"
-62,-60,18,20,"0036/0060"
-18,-16,18,20,"0036/0082"
-16,-14,18,20,"0036/0083"
-14,-12,18,20,"0036/0084"
-12,-10,18,20,"0036/0085"
-10,-8,18,20,"0036/0086"
-8,-6,18,20,"0036/0087"
-6,-4,18,20,"0036/0088"
-4,-2,18,20,"0036/0089"
-2,0,18,20,"0036/0090"
0,2,18,20,"0036/0091"
2,4,18,20,"0036/0092"
4,6,18,20,"0036/0093"
6,8,18,20,"0036/0094"
8,10,18,20,"0036/0095"
10,12,18,20,"0036/0096"
12,14,18,20,"0036/0097"
14,16,18,20,"0036/0098"
16,18,18,20,"0036/0099"
18,20,18,20,"0036/0100"
20,22,18,20,"0036/0101"
22,24,18,20,"0036/0102"
24,26,18,20,"0036/0103"
26,28,18,20,"0036/0104"
28,30,18,20,"0036/0105"
30,32,18,20,"0036/0106"
32,34,18,20,"0036/0107"
34,36,18,20,"0036/0108"
36,38,18,20,"0036/0109"
38,40,18,20,"0036/0110"
40,42,18,20,"0036/0111"
42,44,18,20,"0036/0112"
44,46,18,20,"0036/0113"
46,48,18,20,"0036/0114"
48,50,18,20,"0036/0115"
50,52,18,20,"0036/0116"
52,54,18,20,"0036/0117"
54,56,18,20,"0036/0118"
56,58,18,20,"0036/0119"
58,60,18,20,"0036/0120"
70,72,18,20,"0036/0126"
72,74,18,20,"0036/0127"
74,76,18,20,"0036/0128"
76,78,18,20,"0036/0129"
78,80,18,20,"0036/0130"
80,82,18,20,"0036/0131"
82,84,18,20,"0036/0132"
84,86,18,20,"0036/0133"
94,96,18,20,"0036/0138"
96,98,18,20,"0036/0139"
98,100,18,20,"0036/0140"
100,102,18,20,"0036/0141"
102,104,18,20,"0036/0142"
104,106,18,20,"0036/0143"
110,112,18,20,"0036/0146"
120,122,18,20,"0036/0151"
-108,-106,16,18,"0037/0037"
-106,-104,16,18,"0037/0038"
-104,-102,16,18,"0037/0039"
-102,-100,16,18,"0037/0040"
-100,-98,16,18,"0037/0041"
-98,-96,16,18,"0037/0042"
-96,-94,16,18,"0037/0043"
-94,-92,16,18,"0037/0044"
-92,-90,16,18,"0037/0045"
-90,-88,16,18,"0037/0046"
-88,-86,16,18,"0037/0047"
-86,-84,16,18,"0037/0048"
-82,-80,16,18,"0037/0050"
-80,-78,16,18,"0037/0051"
-78,-76,16,18,"0037/0052"
-76,-74,16,18,"0037/0053"
-74,-72,16,18,"0037/0054"
-72,-70,16,18,"0037/0055"
-70,-68,16,18,"0037/0056"
-68,-66,16,18,"0037/0057"
-66,-64,16,18,"0037/0058"
-64,-62,16,18,"0037/0059"
-62,-60,16,18,"0037/0060"
-60,-58,16,18,"0037/0061"
-18,-16,16,18,"0037/0082"
-16,-14,16,18,"0037/0083"
-14,-12,16,18,"0037/0084"
-12,-10,16,18,"0037/0085"
-10,-8,16,18,"0037/0086"
-8,-6,16,18,"0037/0087"
-6,-4,16,18,"0037/0088"
-4,-2,16,18,"0037/0089"
-2,0,16,18,"0037/0090"
0,2,16,18,"0037/0091"
2,4,16,18,"0037/0092"
4,6,16,18,"0037/0093"
6,8,16,18,"0037/0094"
8,10,16,18,"0037/0095"
10,12,16,18,"0037/0096"
12,14,16,18,"0037/0097"
14,16,16,18,"0037/0098"
16,18,16,18,"0037/0099"
18,20,16,18,"0037/0100"
20,22,16,18,"0037/0101"
22,24,16,18,"0037/0102"
24,26,16,18,"0037/0103"
26,28,16,18,"0037/0104"
28,30,16,18,"0037/0105"
30,32,16,18,"0037/0106"
32,34,16,18,"0037/0107"
34,36,16,18,"0037/0108"
36,38,16,18,"0037/0109"
38,40,16,18,"0037/0110"
40,42,16,18,"0037/0111"
42,44,16,18,"0037/0112"
44,46,16,18,"0037/0113"
46,48,16,18,"0037/0114"
48,50,16,18,"0037/0115"
50,52,16,18,"0037/0116"
52,54,16,18,"0037/0117"
54,56,16,18,"0037/0118"
56,58,16,18,"0037/0119"
72,74,16,18,"0037/0127"
74,76,16,18,"0037/0128"
76,78,16,18,"0037/0129"
78,80,16,18,"0037/0130"
80,82,16,18,"0037/0131"
82,84,16,18,"0037/0132"
94,96,16,18,"0037/0138"
96,98,16,18,"0037/0139"
98,100,16,18,"0037/0140"
100,102,16,18,"0037/0141"
102,104,16,18,"0037/0142"
104,106,16,18,"0037/0143"
106,108,16,18,"0037/0144"
108,110,16,18,"0037/0145"
110,112,16,18,"0037/0146"
112,114,16,18,"0037/0147"
120,122,16,18,"0037/0151"
122,124,16,18,"0037/0152"
-102,-100,14,16,"0038/0040"
-100,-98,14,16,"0038/0041"
-98,-96,14,16,"0038/0042"
-96,-94,14,16,"0038/0043"
-94,-92,14,16,"0038/0044"
-92,-90,14,16,"0038/0045"
-90,-88,14,16,"0038/0046"
-88,-86,14,16,"0038/0047"
-86,-84,14,16,"0038/0048"
-84,-82,14,16,"0038/0049"
-82,-80,14,16,"0038/0050"
-80,-78,14,16,"0038/0051"
-78,-76,14,16,"0038/0052"
-76,-74,14,16,"0038/0053"
-72,-70,14,16,"0038/0055"
-70,-68,14,16,"0038/0056"
-68,-66,14,16,"0038/0057"
-66,-64,14,16,"0038/0058"
-64,-62,14,16,"0038/0059"
-62,-60,14,16,"0038/0060"
-60,-58,14,16,"0038/0061"
-18,-16,14,16,"0038/0082"
-16,-14,14,16,"0038/0083"
-14,-12,14,16,"0038/0084"
-12,-10,14,16,"0038/0085"
-10,-8,14,16,"0038/0086"
-8,-6,14,16,"0038/0087"
-6,-4,14,16,"0038/0088"
-4,-2,14,16,"0038/0089"
-2,0,14,16,"0038/0090"
0,2,14,16,"0038/0091"
2,4,14,16,"0038/0092"
4,6,14,16,"0038/0093"
6,8,14,16,"0038/0094"
8,10,14,16,"0038/0095"
10,12,14,16,"0038/0096"
12,14,14,16,"0038/0097"
14,16,14,16,"0038/0098"
16,18,14,16,"0038/0099"
18,20,14,16,"0038/0100"
20,22,14,16,"0038/0101"
22,24,14,16,"0038/0102"
24,26,14,16,"0038/0103"
26,28,14,16,"0038/0104"
28,30,14,16,"0038/0105"
30,32,14,16,"0038/0106"
32,34,14,16,"0038/0107"
34,36,14,16,"0038/0108"
36,38,14,16,"0038/0109"
38,40,14,16,"0038/0110"
40,42,14,16,"0038/0111"
42,44,14,16,"0038/0112"
44,46,14,16,"0038/0113"
46,48,14,16,"0038/0114"
48,50,14,16,"0038/0115"
50,52,14,16,"0038/0116"
52,54,14,16,"0038/0117"
54,56,14,16,"0038/0118"
74,76,14,16,"0038/0128"
76,78,14,16,"0038/0129"
78,80,14,16,"0038/0130"
98,100,14,16,"0038/0140"
100,102,14,16,"0038/0141"
102,104,14,16,"0038/0142"
104,106,14,16,"0038/0143"
106,108,14,16,"0038/0144"
108,110,14,16,"0038/0145"
110,112,14,16,"0038/0146"
120,122,14,16,"0038/0151"
122,124,14,16,"0038/0152"
-100,-98,12,14,"0039/0041"
-98,-96,12,14,"0039/0042"
-96,-94,12,14,"0039/0043"
-94,-92,12,14,"0039/0044"
-92,-90,12,14,"0039/0045"
-90,-88,12,14,"0039/0046"
-88,-86,12,14,"0039/0047"
-86,-84,12,14,"0039/0048"
-84,-82,12,14,"0039/0049"
-82,-80,12,14,"0039/0050"
-80,-78,12,14,"0039/0051"
-72,-70,12,14,"0039/0055"
-70,-68,12,14,"0039/0056"
-68,-66,12,14,"0039/0057"
-62,-60,12,14,"0039/0060"
-60,-58,12,14,"0039/0061"
-58,-56,12,14,"0039/0062"
-18,-16,12,14,"0039/0082"
-16,-14,12,14,"0039/0083"
-14,-12,12,14,"0039/0084"
-12,-10,12,14,"0039/0085"
-10,-8,12,14,"0039/0086"
-8,-6,12,14,"0039/0087"
-6,-4,12,14,"0039/0088"
-4,-2,12,14,"0039/0089"
-2,0,12,14,"0039/0090"
0,2,12,14,"0039/0091"
2,4,12,14,"0039/0092"
4,6,12,14,"0039/0093"
6,8,12,14,"0039/0094"
8,10,12,14,"0039/0095"
10,12,12,14,"0039/0096"
12,14,12,14,"0039/0097"
14,16,12,14,"0039/0098"
16,18,12,14,"0039/0099"
18,20,12,14,"0039/0100"
20,22,12,14,"0039/0101"
22,24,12,14,"0039/0102"
24,26,12,14,"0039/0103"
26,28,12,14,"0039/0104"
28,30,12,14,"0039/0105"
30,32,12,14,"0039/0106"
32,34,12,14,"0039/0107"
34,36,12,14,"0039/0108"
36,38,12,14,"0039/0109"
38,40,12,14,"0039/0110"
40,42,12,14,"0039/0111"
42,44,12,14,"0039/0112"
44,46,12,14,"0039/0113"
46,48,12,14,"0039/0114"
48,50,12,14,"0039/0115"
50,52,12,14,"0039/0116"
52,54,12,14,"0039/0117"
54,56,12,14,"0039/0118"
74,76,12,14,"0039/0128"
76,78,12,14,"0039/0129"
78,80,12,14,"0039/0130"
80,82,12,14,"0039/0131"
98,100,12,14,"0039/0140"
100,102,12,14,"0039/0141"
102,104,12,14,"0039/0142"
104,106,12,14,"0039/0143"
106,108,12,14,"0039/0144"
108,110,12,14,"0039/0145"
110,112,12,14,"0039/0146"
120,122,12,14,"0039/0151"
122,124,12,14,"0039/0152"
124,126,12,14,"0039/0153"
-92,-90,10,12,"0040/0045"
-90,-88,10,12,"0040/0046"
-88,-86,10,12,"0040/0047"
-86,-84,10,12,"0040/0048"
-84,-82,10,12,"0040/0049"
-82,-80,10,12,"0040/0050"
-80,-78,10,12,"0040/0051"
-78,-76,10,12,"0040/0052"
-76,-74,10,12,"0040/0053"
-74,-72,10,12,"0040/0054"
-72,-70,10,12,"0040/0055"
-70,-68,10,12,"0040/0056"
-68,-66,10,12,"0040/0057"
-66,-64,10,12,"0040/0058"
-64,-62,10,12,"0040/0059"
-62,-60,10,12,"0040/0060"
-60,-58,10,12,"0040/0061"
-58,-56,10,12,"0040/0062"
-18,-16,10,12,"0040/0082"
-16,-14,10,12,"0040/0083"
-14,-12,10,12,"0040/0084"
-12,-10,10,12,"0040/0085"
-10,-8,10,12,"0040/0086"
-8,-6,10,12,"0040/0087"
-6,-4,10,12,"0040/0088"
-4,-2,10,12,"0040/0089"
-2,0,10,12,"0040/0090"
0,2,10,12,"0040/0091"
2,4,10,12,"0040/0092"
4,6,10,12,"0040/0093"
6,8,10,12,"0040/0094"
8,10,10,12,"0040/0095"
10,12,10,12,"0040/0096"
12,14,10,12,"0040/0097"
14,16,10,12,"0040/0098"
16,18,10,12,"0040/0099"
18,20,10,12,"0040/0100"
20,22,10,12,"0040/0101"
22,24,10,12,"0040/0102"
24,26,10,12,"0040/0103"
26,28,10,12,"0040/0104"
28,30,10,12,"0040/0105"
30,32,10,12,"0040/0106"
32,34,10,12,"0040/0107"
34,36,10,12,"0040/0108"
36,38,10,12,"0040/0109"
38,40,10,12,"0040/0110"
40,42,10,12,"0040/0111"
42,44,10,12,"0040/0112"
44,46,10,12,"0040/0113"
46,48,10,12,"0040/0114"
48,50,10,12,"0040/0115"
50,52,10,12,"0040/0116"
52,54,10,12,"0040/0117"
54,56,10,12,"0040/0118"
74,76,10,12,"0040/0128"
76,78,10,12,"0040/0129"
78,80,10,12,"0040/0130"
98,100,10,12,"0040/0140"
100,102,10,12,"0040/0141"
102,104,10,12,"0040/0142"
104,106,10,12,"0040/0143"
106,108,10,12,"0040/0144"
108,110,10,12,"0040/0145"
110,112,10,12,"0040/0146"
118,120,10,12,"0040/0150"
120,122,10,12,"0040/0151"
122,124,10,12,"0040/0152"
124,126,10,12,"0040/0153"
126,128,10,12,"0040/0154"
-88,-86,8,10,"0041/0047"
-86,-84,8,10,"0041/0048"
-84,-82,8,10,"0041/0049"
-82,-80,8,10,"0041/0050"
-80,-78,8,10,"0041/0051"
-78,-76,8,10,"0041/0052"
-76,-74,8,10,"0041/0053"
-74,-72,8,10,"0041/0054"
-72,-70,8,10,"0041/0055"
-70,-68,8,10,"0041/0056"
-68,-66,8,10,"0041/0057"
-66,-64,8,10,"0041/0058"
-64,-62,8,10,"0041/0059"
-62,-60,8,10,"0041/0060"
-60,-58,8,10,"0041/0061"
-58,-56,8,10,"0041/0062"
-18,-16,8,10,"0041/0082"
-16,-14,8,10,"0041/0083"
-14,-12,8,10,"0041/0084"
-12,-10,8,10,"0041/0085"
-10,-8,8,10,"0041/0086"
-8,-6,8,10,"0041/0087"
-6,-4,8,10,"0041/0088"
-4,-2,8,10,"0041/0089"
-2,0,8,10,"0041/0090"
0,2,8,10,"0041/0091"
2,4,8,10,"0041/0092"
4,6,8,10,"0041/0093"
6,8,8,10,"0041/0094"
8,10,8,10,"0041/0095"
10,12,8,10,"0041/0096"
12,14,8,10,"0041/0097"
14,16,8,10,"0041/0098"
16,18,8,10,"0041/0099"
18,20,8,10,"0041/0100"
20,22,8,10,"0041/0101"
22,24,8,10,"0041/0102"
24,26,8,10,"0041/0103"
26,28,8,10,"0041/0104"
28,30,8,10,"0041/0105"
30,32,8,10,"0041/0106"
32,34,8,10,"0041/0107"
34,36,8,10,"0041/0108"
36,38,8,10,"0041/0109"
38,40,8,10,"0041/0110"
40,42,8,10,"0041/0111"
42,44,8,10,"0041/0112"
44,46,8,10,"0041/0113"
46,48,8,10,"0041/0114"
48,50,8,10,"0041/0115"
50,52,8,10,"0041/0116"
52,54,8,10,"0041/0117"
76,78,8,10,"0041/0129"
78,80,8,10,"0041/0130"
80,82,8,10,"0041/0131"
98,100,8,10,"0041/0140"
100,102,8,10,"0041/0141"
102,104,8,10,"0041/0142"
104,106,8,10,"0041/0143"
106,108,8,10,"0041/0144"
116,118,8,10,"0041/0149"
122,124,8,10,"0041/0152"
124,126,8,10,"0041/0153"
126,128,8,10,"0041/0154"
-88,-86,6,8,"0042/0047"
-86,-84,6,8,"0042/0048"
-84,-82,6,8,"0042/0049"
-82,-80,6,8,"0042/0050"
-80,-78,6,8,"0042/0051"
-78,-76,6,8,"0042/0052"
-76,-74,6,8,"0042/0053"
-74,-72,6,8,"0042/0054"
-72,-70,6,8,"0042/0055"
-70,-68,6,8,"0042/0056"
-68,-66,6,8,"0042/0057"
-66,-64,6,8,"0042/0058"
-64,-62,6,8,"0042/0059"
-62,-60,6,8,"0042/0060"
-60,-58,6,8,"0042/0061"
-58,-56,6,8,"0042/0062"
-56,-54,6,8,"0042/0063"
-14,-12,6,8,"0042/0084"
-12,-10,6,8,"0042/0085"
-10,-8,6,8,"0042/0086"
-8,-6,6,8,"0042/0087"
-6,-4,6,8,"0042/0088"
-4,-2,6,8,"0042/0089"
-2,0,6,8,"0042/0090"
0,2,6,8,"0042/0091"
2,4,6,8,"0042/0092"
4,6,6,8,"0042/0093"
6,8,6,8,"0042/0094"
8,10,6,8,"0042/0095"
10,12,6,8,"0042/0096"
12,14,6,8,"0042/0097"
14,16,6,8,"0042/0098"
16,18,6,8,"0042/0099"
18,20,6,8,"0042/0100"
20,22,6,8,"0042/0101"
22,24,6,8,"0042/0102"
24,26,6,8,"0042/0103"
26,28,6,8,"0042/0104"
28,30,6,8,"0042/0105"
30,32,6,8,"0042/0106"
32,34,6,8,"0042/0107"
34,36,6,8,"0042/0108"
36,38,6,8,"0042/0109"
38,40,6,8,"0042/0110"
40,42,6,8,"0042/0111"
42,44,6,8,"0042/0112"
44,46,6,8,"0042/0113"
46,48,6,8,"0042/0114"
48,50,6,8,"0042/0115"
50,52,6,8,"0042/0116"
52,54,6,8,"0042/0117"
80,82,6,8,"0042/0131"
98,100,6,8,"0042/0140"
100,102,6,8,"0042/0141"
116,118,6,8,"0042/0149"
122,124,6,8,"0042/0152"
124,126,6,8,"0042/0153"
126,128,6,8,"0042/0154"
-82,-80,4,6,"0043/0050"
-80,-78,4,6,"0043/0051"
-78,-76,4,6,"0043/0052"
-76,-74,4,6,"0043/0053"
-74,-72,4,6,"0043/0054"
-72,-70,4,6,"0043/0055"
-70,-68,4,6,"0043/0056"
-68,-66,4,6,"0043/0057"
-66,-64,4,6,"0043/0058"
-64,-62,4,6,"0043/0059"
-62,-60,4,6,"0043/0060"
-60,-58,4,6,"0043/0061"
-58,-56,4,6,"0043/0062"
-56,-54,4,6,"0043/0063"
-54,-52,4,6,"0043/0064"
-52,-50,4,6,"0043/0065"
-50,-48,4,6,"0043/0066"
-14,-12,4,6,"0043/0084"
-12,-10,4,6,"0043/0085"
-10,-8,4,6,"0043/0086"
-8,-6,4,6,"0043/0087"
-6,-4,4,6,"0043/0088"
-4,-2,4,6,"0043/0089"
-2,0,4,6,"0043/0090"
0,2,4,6,"0043/0091"
2,4,4,6,"0043/0092"
4,6,4,6,"0043/0093"
6,8,4,6,"0043/0094"
8,10,4,6,"0043/0095"
10,12,4,6,"0043/0096"
12,14,4,6,"0043/0097"
14,16,4,6,"0043/0098"
16,18,4,6,"0043/0099"
18,20,4,6,"0043/0100"
20,22,4,6,"0043/0101"
22,24,4,6,"0043/0102"
24,26,4,6,"0043/0103"
26,28,4,6,"0043/0104"
28,30,4,6,"0043/0105"
30,32,4,6,"0043/0106"
32,34,4,6,"0043/0107"
34,36,4,6,"0043/0108"
36,38,4,6,"0043/0109"
38,40,4,6,"0043/0110"
40,42,4,6,"0043/0111"
42,44,4,6,"0043/0112"
44,46,4,6,"0043/0113"
46,48,4,6,"0043/0114"
48,50,4,6,"0043/0115"
50,52,4,6,"0043/0116"
96,98,4,6,"0043/0139"
98,100,4,6,"0043/0140"
100,102,4,6,"0043/0141"
102,104,4,6,"0043/0142"
112,114,4,6,"0043/0147"
114,116,4,6,"0043/0148"
116,118,4,6,"0043/0149"
118,120,4,6,"0043/0150"
126,128,4,6,"0043/0154"
128,130,4,6,"0043/0155"
-80,-78,2,4,"0044/0051"
-78,-76,2,4,"0044/0052"
-76,-74,2,4,"0044/0053"
-74,-72,2,4,"0044/0054"
-72,-70,2,4,"0044/0055"
-70,-68,2,4,"0044/0056"
-68,-66,2,4,"0044/0057"
-66,-64,2,4,"0044/0058"
-64,-62,2,4,"0044/0059"
-62,-60,2,4,"0044/0060"
-60,-58,2,4,"0044/0061"
-58,-56,2,4,"0044/0062"
-56,-54,2,4,"0044/0063"
-54,-52,2,4,"0044/0064"
-52,-50,2,4,"0044/0065"
-50,-48,2,4,"0044/0066"
-12,-10,2,4,"0044/0085"
-10,-8,2,4,"0044/0086"
-8,-6,2,4,"0044/0087"
-6,-4,2,4,"0044/0088"
-4,-2,2,4,"0044/0089"
-2,0,2,4,"0044/0090"
0,2,2,4,"0044/0091"
2,4,2,4,"0044/0092"
4,6,2,4,"0044/0093"
6,8,2,4,"0044/0094"
8,10,2,4,"0044/0095"
10,12,2,4,"0044/0096"
12,14,2,4,"0044/0097"
14,16,2,4,"0044/0098"
16,18,2,4,"0044/0099"
18,20,2,4,"0044/0100"
20,22,2,4,"0044/0101"
22,24,2,4,"0044/0102"
24,26,2,4,"0044/0103"
26,28,2,4,"0044/0104"
28,30,2,4,"0044/0105"
30,32,2,4,"0044/0106"
32,34,2,4,"0044/0107"
34,36,2,4,"0044/0108"
36,38,2,4,"0044/0109"
38,40,2,4,"0044/0110"
40,42,2,4,"0044/0111"
42,44,2,4,"0044/0112"
44,46,2,4,"0044/0113"
46,48,2,4,"0044/0114"
48,50,2,4,"0044/0115"
50,52,2,4,"0044/0116"
96,98,2,4,"0044/0139"
98,100,2,4,"0044/0140"
100,102,2,4,"0044/0141"
102,104,2,4,"0044/0142"
104,106,2,4,"0044/0143"
110,112,2,4,"0044/0146"
112,114,2,4,"0044/0147"
114,116,2,4,"0044/0148"
116,118,2,4,"0044/0149"
126,128,2,4,"0044/0154"
128,130,2,4,"0044/0155"
130,132,2,4,"0044/0156"
-82,-80,0,2,"0045/0050"
-80,-78,0,2,"0045/0051"
-78,-76,0,2,"0045/0052"
-76,-74,0,2,"0045/0053"
-74,-72,0,2,"0045/0054"
-72,-70,0,2,"0045/0055"
-70,-68,0,2,"0045/0056"
-68,-66,0,2,"0045/0057"
-66,-64,0,2,"0045/0058"
-64,-62,0,2,"0045/0059"
-62,-60,0,2,"0045/0060"
-60,-58,0,2,"0045/0061"
-58,-56,0,2,"0045/0062"
-56,-54,0,2,"0045/0063"
-54,-52,0,2,"0045/0064"
-52,-50,0,2,"0045/0065"
-50,-48,0,2,"0045/0066"
-48,-46,0,2,"0045/0067"
6,8,0,2,"0045/0094"
8,10,0,2,"0045/0095"
10,12,0,2,"0045/0096"
12,14,0,2,"0045/0097"
14,16,0,2,"0045/0098"
16,18,0,2,"0045/0099"
18,20,0,2,"0045/0100"
20,22,0,2,"0045/0101"
22,24,0,2,"0045/0102"
24,26,0,2,"0045/0103"
26,28,0,2,"0045/0104"
28,30,0,2,"0045/0105"
30,32,0,2,"0045/0106"
32,34,0,2,"0045/0107"
34,36,0,2,"0045/0108"
36,38,0,2,"0045/0109"
38,40,0,2,"0045/0110"
40,42,0,2,"0045/0111"
42,44,0,2,"0045/0112"
44,46,0,2,"0045/0113"
46,48,0,2,"0045/0114"
48,50,0,2,"0045/0115"
96,98,0,2,"0045/0139"
98,100,0,2,"0045/0140"
100,102,0,2,"0045/0141"
102,104,0,2,"0045/0142"
104,106,0,2,"0045/0143"
108,110,0,2,"0045/0145"
110,112,0,2,"0045/0146"
112,114,0,2,"0045/0147"
114,116,0,2,"0045/0148"
116,118,0,2,"0045/0149"
118,120,0,2,"0045/0150"
120,122,0,2,"0045/0151"
122,124,0,2,"0045/0152"
124,126,0,2,"0045/0153"
126,128,0,2,"0045/0154"
128,130,0,2,"0045/0155"
130,132,0,2,"0045/0156"
-82,-80,-2,0,"0046/0050"
-80,-78,-2,0,"0046/0051"
-78,-76,-2,0,"0046/0052"
-76,-74,-2,0,"0046/0053"
-74,-72,-2,0,"0046/0054"
-72,-70,-2,0,"0046/0055"
-70,-68,-2,0,"0046/0056"
-68,-66,-2,0,"0046/0057"
-66,-64,-2,0,"0046/0058"
-64,-62,-2,0,"0046/0059"
-62,-60,-2,0,"0046/0060"
-60,-58,-2,0,"0046/0061"
-58,-56,-2,0,"0046/0062"
-56,-54,-2,0,"0046/0063"
-54,-52,-2,0,"0046/0064"
-52,-50,-2,0,"0046/0065"
-50,-48,-2,0,"0046/0066"
-48,-46,-2,0,"0046/0067"
-46,-44,-2,0,"0046/0068"
-44,-42,-2,0,"0046/0069"
-42,-40,-2,0,"0046/0070"
6,8,-2,0,"0046/0094"
8,10,-2,0,"0046/0095"
10,12,-2,0,"0046/0096"
12,14,-2,0,"0046/0097"
14,16,-2,0,"0046/0098"
16,18,-2,0,"0046/0099"
18,20,-2,0,"0046/0100"
20,22,-2,0,"0046/0101"
22,24,-2,0,"0046/0102"
24,26,-2,0,"0046/0103"
26,28,-2,0,"0046/0104"
28,30,-2,0,"0046/0105"
30,32,-2,0,"0046/0106"
32,34,-2,0,"0046/0107"
34,36,-2,0,"0046/0108"
36,38,-2,0,"0046/0109"
38,40,-2,0,"0046/0110"
40,42,-2,0,"0046/0111"
42,44,-2,0,"0046/0112"
44,46,-2,0,"0046/0113"
46,48,-2,0,"0046/0114"
48,50,-2,0,"0046/0115"
98,100,-2,0,"0046/0140"
100,102,-2,0,"0046/0141"
102,104,-2,0,"0046/0142"
104,106,-2,0,"0046/0143"
108,110,-2,0,"0046/0145"
110,112,-2,0,"0046/0146"
112,114,-2,0,"0046/0147"
114,116,-2,0,"0046/0148"
116,118,-2,0,"0046/0149"
120,122,-2,0,"0046/0151"
122,124,-2,0,"0046/0152"
124,126,-2,0,"0046/0153"
126,128,-2,0,"0046/0154"
128,130,-2,0,"0046/0155"
130,132,-2,0,"0046/0156"
132,134,-2,0,"0046/0157"
134,136,-2,0,"0046/0158"
136,138,-2,0,"0046/0159"
138,140,-2,0,"0046/0160"
140,142,-2,0,"0046/0161"
148,150,-2,0,"0046/0165"
150,152,-2,0,"0046/0166"
-82,-80,-4,-2,"0047/0050"
-80,-78,-4,-2,"0047/0051"
-78,-76,-4,-2,"0047/0052"
-76,-74,-4,-2,"0047/0053"
-74,-72,-4,-2,"0047/0054"
-72,-70,-4,-2,"0047/0055"
-70,-68,-4,-2,"0047/0056"
-68,-66,-4,-2,"0047/0057"
-66,-64,-4,-2,"0047/0058"
-64,-62,-4,-2,"0047/0059"
-62,-60,-4,-2,"0047/0060"
-60,-58,-4,-2,"0047/0061"
-58,-56,-4,-2,"0047/0062"
-56,-54,-4,-2,"0047/0063"
-54,-52,-4,-2,"0047/0064"
-52,-50,-4,-2,"0047/0065"
-50,-48,-4,-2,"0047/0066"
-48,-46,-4,-2,"0047/0067"
-46,-44,-4,-2,"0047/0068"
-44,-42,-4,-2,"0047/0069"
-42,-40,-4,-2,"0047/0070"
-40,-38,-4,-2,"0047/0071"
-38,-36,-4,-2,"0047/0072"
-32,-30,-4,-2,"0047/0075"
-30,-28,-4,-2,"0047/0076"
8,10,-4,-2,"0047/0095"
10,12,-4,-2,"0047/0096"
12,14,-4,-2,"0047/0097"
14,16,-4,-2,"0047/0098"
16,18,-4,-2,"0047/0099"
18,20,-4,-2,"0047/0100"
20,22,-4,-2,"0047/0101"
22,24,-4,-2,"0047/0102"
24,26,-4,-2,"0047/0103"
26,28,-4,-2,"0047/0104"
28,30,-4,-2,"0047/0105"
30,32,-4,-2,"0047/0106"
32,34,-4,-2,"0047/0107"
34,36,-4,-2,"0047/0108"
36,38,-4,-2,"0047/0109"
38,40,-4,-2,"0047/0110"
40,42,-4,-2,"0047/0111"
42,44,-4,-2,"0047/0112"
44,46,-4,-2,"0047/0113"
100,102,-4,-2,"0047/0141"
102,104,-4,-2,"0047/0142"
104,106,-4,-2,"0047/0143"
110,112,-4,-2,"0047/0146"
112,114,-4,-2,"0047/0147"
114,116,-4,-2,"0047/0148"
118,120,-4,-2,"0047/0150"
120,122,-4,-2,"0047/0151"
122,124,-4,-2,"0047/0152"
126,128,-4,-2,"0047/0154"
128,130,-4,-2,"0047/0155"
130,132,-4,-2,"0047/0156"
132,134,-4,-2,"0047/0157"
134,136,-4,-2,"0047/0158"
136,138,-4,-2,"0047/0159"
138,140,-4,-2,"0047/0160"
140,142,-4,-2,"0047/0161"
142,144,-4,-2,"0047/0162"
144,146,-4,-2,"0047/0163"
146,148,-4,-2,"0047/0164"
148,150,-4,-2,"0047/0165"
150,152,-4,-2,"0047/0166"
152,154,-4,-2,"0047/0167"
154,156,-4,-2,"0047/0168"
-82,-80,-6,-4,"0048/0050"
-80,-78,-6,-4,"0048/0051"
-78,-76,-6,-4,"0048/0052"
-76,-74,-6,-4,"0048/0053"
-74,-72,-6,-4,"0048/0054"
-72,-70,-6,-4,"0048/0055"
-70,-68,-6,-4,"0048/0056"
-68,-66,-6,-4,"0048/0057"
-66,-64,-6,-4,"0048/0058"
-64,-62,-6,-4,"0048/0059"
-62,-60,-6,-4,"0048/0060"
-60,-58,-6,-4,"0048/0061"
-58,-56,-6,-4,"0048/0062"
-56,-54,-6,-4,"0048/0063"
-54,-52,-6,-4,"0048/0064"
-52,-50,-6,-4,"0048/0065"
-50,-48,-6,-4,"0048/0066"
-48,-46,-6,-4,"0048/0067"
-46,-44,-6,-4,"0048/0068"
-44,-42,-6,-4,"0048/0069"
-42,-40,-6,-4,"0048/0070"
-40,-38,-6,-4,"0048/0071"
-38,-36,-6,-4,"0048/0072"
-36,-34,-6,-4,"0048/0073"
-32,-30,-6,-4,"0048/0075"
-30,-28,-6,-4,"0048/0076"
8,10,-6,-4,"0048/0095"
10,12,-6,-4,"0048/0096"
12,14,-6,-4,"0048/0097"
14,16,-6,-4,"0048/0098"
16,18,-6,-4,"0048/0099"
18,20,-6,-4,"0048/0100"
20,22,-6,-4,"0048/0101"
22,24,-6,-4,"0048/0102"
24,26,-6,-4,"0048/0103"
26,28,-6,-4,"0048/0104"
28,30,-6,-4,"0048/0105"
30,32,-6,-4,"0048/0106"
32,34,-6,-4,"0048/0107"
34,36,-6,-4,"0048/0108"
36,38,-6,-4,"0048/0109"
38,40,-6,-4,"0048/0110"
40,42,-6,-4,"0048/0111"
42,44,-6,-4,"0048/0112"
102,104,-6,-4,"0048/0142"
104,106,-6,-4,"0048/0143"
106,108,-6,-4,"0048/0144"
118,120,-6,-4,"0048/0150"
120,122,-6,-4,"0048/0151"
122,124,-6,-4,"0048/0152"
130,132,-6,-4,"0048/0156"
132,134,-6,-4,"0048/0157"
134,136,-6,-4,"0048/0158"
136,138,-6,-4,"0048/0159"
138,140,-6,-4,"0048/0160"
140,142,-6,-4,"0048/0161"
142,144,-6,-4,"0048/0162"
144,146,-6,-4,"0048/0163"
146,148,-6,-4,"0048/0164"
148,150,-6,-4,"0048/0165"
150,152,-6,-4,"0048/0166"
152,154,-6,-4,"0048/0167"
154,156,-6,-4,"0048/0168"
156,158,-6,-4,"0048/0169"
158,160,-6,-4,"0048/0170"
-82,-80,-8,-6,"0049/0050"
-80,-78,-8,-6,"0049/0051"
-78,-76,-8,-6,"0049/0052"
-76,-74,-8,-6,"0049/0053"
-74,-72,-8,-6,"0049/0054"
-72,-70,-8,-6,"0049/0055"
-70,-68,-8,-6,"0049/0056"
-68,-66,-8,-6,"0049/0057"
-66,-64,-8,-6,"0049/0058"
-64,-62,-8,-6,"0049/0059"
-62,-60,-8,-6,"0049/0060"
-60,-58,-8,-6,"0049/0061"
-58,-56,-8,-6,"0049/0062"
-56,-54,-8,-6,"0049/0063"
-54,-52,-8,-6,"0049/0064"
-52,-50,-8,-6,"0049/0065"
-50,-48,-8,-6,"0049/0066"
-48,-46,-8,-6,"0049/0067"
-46,-44,-8,-6,"0049/0068"
-44,-42,-8,-6,"0049/0069"
-42,-40,-8,-6,"0049/0070"
-40,-38,-8,-6,"0049/0071"
-38,-36,-8,-6,"0049/0072"
-36,-34,-8,-6,"0049/0073"
-34,-32,-8,-6,"0049/0074"
-32,-30,-8,-6,"0049/0075"
10,12,-8,-6,"0049/0096"
12,14,-8,-6,"0049/0097"
14,16,-8,-6,"0049/0098"
16,18,-8,-6,"0049/0099"
18,20,-8,-6,"0049/0100"
20,22,-8,-6,"0049/0101"
22,24,-8,-6,"0049/0102"
24,26,-8,-6,"0049/0103"
26,28,-8,-6,"0049/0104"
28,30,-8,-6,"0049/0105"
30,32,-8,-6,"0049/0106"
32,34,-8,-6,"0049/0107"
34,36,-8,-6,"0049/0108"
36,38,-8,-6,"0049/0109"
38,40,-8,-6,"0049/0110"
40,42,-8,-6,"0049/0111"
104,106,-8,-6,"0049/0143"
106,108,-8,-6,"0049/0144"
108,110,-8,-6,"0049/0145"
110,112,-8,-6,"0049/0146"
112,114,-8,-6,"0049/0147"
130,132,-8,-6,"0049/0156"
132,134,-8,-6,"0049/0157"
134,136,-8,-6,"0049/0158"
136,138,-8,-6,"0049/0159"
138,140,-8,-6,"0049/0160"
140,142,-8,-6,"0049/0161"
142,144,-8,-6,"0049/0162"
144,146,-8,-6,"0049/0163"
146,148,-8,-6,"0049/0164"
148,150,-8,-6,"0049/0165"
150,152,-8,-6,"0049/0166"
152,154,-8,-6,"0049/0167"
154,156,-8,-6,"0049/0168"
156,158,-8,-6,"0049/0169"
158,160,-8,-6,"0049/0170"
160,162,-8,-6,"0049/0171"
-82,-80,-10,-8,"0050/0050"
-80,-78,-10,-8,"0050/0051"
-78,-76,-10,-8,"0050/0052"
-76,-74,-10,-8,"0050/0053"
-74,-72,-10,-8,"0050/0054"
-72,-70,-10,-8,"0050/0055"
-70,-68,-10,-8,"0050/0056"
-68,-66,-10,-8,"0050/0057"
-66,-64,-10,-8,"0050/0058"
-64,-62,-10,-8,"0050/0059"
-62,-60,-10,-8,"0050/0060"
-60,-58,-10,-8,"0050/0061"
-58,-56,-10,-8,"0050/0062"
-56,-54,-10,-8,"0050/0063"
-54,-52,-10,-8,"0050/0064"
-52,-50,-10,-8,"0050/0065"
-50,-48,-10,-8,"0050/0066"
-48,-46,-10,-8,"0050/0067"
-46,-44,-10,-8,"0050/0068"
-44,-42,-10,-8,"0050/0069"
-42,-40,-10,-8,"0050/0070"
-40,-38,-10,-8,"0050/0071"
-38,-36,-10,-8,"0050/0072"
-36,-34,-10,-8,"0050/0073"
-34,-32,-10,-8,"0050/0074"
-32,-30,-10,-8,"0050/0075"
10,12,-10,-8,"0050/0096"
12,14,-10,-8,"0050/0097"
14,16,-10,-8,"0050/0098"
16,18,-10,-8,"0050/0099"
18,20,-10,-8,"0050/0100"
20,22,-10,-8,"0050/0101"
22,24,-10,-8,"0050/0102"
24,26,-10,-8,"0050/0103"
26,28,-10,-8,"0050/0104"
28,30,-10,-8,"0050/0105"
30,32,-10,-8,"0050/0106"
32,34,-10,-8,"0050/0107"
34,36,-10,-8,"0050/0108"
36,38,-10,-8,"0050/0109"
38,40,-10,-8,"0050/0110"
40,42,-10,-8,"0050/0111"
46,48,-10,-8,"0050/0114"
48,50,-10,-8,"0050/0115"
106,108,-10,-8,"0050/0144"
108,110,-10,-8,"0050/0145"
110,112,-10,-8,"0050/0146"
112,114,-10,-8,"0050/0147"
114,116,-10,-8,"0050/0148"
116,118,-10,-8,"0050/0149"
118,120,-10,-8,"0050/0150"
120,122,-10,-8,"0050/0151"
122,124,-10,-8,"0050/0152"
124,126,-10,-8,"0050/0153"
126,128,-10,-8,"0050/0154"
128,130,-10,-8,"0050/0155"
130,132,-10,-8,"0050/0156"
132,134,-10,-8,"0050/0157"
134,136,-10,-8,"0050/0158"
138,140,-10,-8,"0050/0160"
140,142,-10,-8,"0050/0161"
142,144,-10,-8,"0050/0162"
144,146,-10,-8,"0050/0163"
146,148,-10,-8,"0050/0164"
148,150,-10,-8,"0050/0165"
150,152,-10,-8,"0050/0166"
152,154,-10,-8,"0050/0167"
154,156,-10,-8,"0050/0168"
156,158,-10,-8,"0050/0169"
158,160,-10,-8,"0050/0170"
160,162,-10,-8,"0050/0171"
162,164,-10,-8,"0050/0172"
-80,-78,-12,-10,"0051/0051"
-78,-76,-12,-10,"0051/0052"
-76,-74,-12,-10,"0051/0053"
-74,-72,-12,-10,"0051/0054"
-72,-70,-12,-10,"0051/0055"
-70,-68,-12,-10,"0051/0056"
-68,-66,-12,-10,"0051/0057"
-66,-64,-12,-10,"0051/0058"
-64,-62,-12,-10,"0051/0059"
-62,-60,-12,-10,"0051/0060"
-60,-58,-12,-10,"0051/0061"
-58,-56,-12,-10,"0051/0062"
-56,-54,-12,-10,"0051/0063"
-54,-52,-12,-10,"0051/0064"
-52,-50,-12,-10,"0051/0065"
-50,-48,-12,-10,"0051/0066"
-48,-46,-12,-10,"0051/0067"
-46,-44,-12,-10,"0051/0068"
-44,-42,-12,-10,"0051/0069"
-42,-40,-12,-10,"0051/0070"
-40,-38,-12,-10,"0051/0071"
-38,-36,-12,-10,"0051/0072"
-36,-34,-12,-10,"0051/0073"
-34,-32,-12,-10,"0051/0074"
-32,-30,-12,-10,"0051/0075"
12,14,-12,-10,"0051/0097"
14,16,-12,-10,"0051/0098"
16,18,-12,-10,"0051/0099"
18,20,-12,-10,"0051/0100"
20,22,-12,-10,"0051/0101"
22,24,-12,-10,"0051/0102"
24,26,-12,-10,"0051/0103"
26,28,-12,-10,"0051/0104"
28,30,-12,-10,"0051/0105"
30,32,-12,-10,"0051/0106"
32,34,-12,-10,"0051/0107"
34,36,-12,-10,"0051/0108"
36,38,-12,-10,"0051/0109"
38,40,-12,-10,"0051/0110"
40,42,-12,-10,"0051/0111"
42,44,-12,-10,"0051/0112"
44,46,-12,-10,"0051/0113"
46,48,-12,-10,"0051/0114"
48,50,-12,-10,"0051/0115"
50,52,-12,-10,"0051/0116"
110,112,-12,-10,"0051/0146"
112,114,-12,-10,"0051/0147"
114,116,-12,-10,"0051/0148"
116,118,-12,-10,"0051/0149"
118,120,-12,-10,"0051/0150"
120,122,-12,-10,"0051/0151"
122,124,-12,-10,"0051/0152"
124,126,-12,-10,"0051/0153"
126,128,-12,-10,"0051/0154"
128,130,-12,-10,"0051/0155"
130,132,-12,-10,"0051/0156"
132,134,-12,-10,"0051/0157"
134,136,-12,-10,"0051/0158"
136,138,-12,-10,"0051/0159"
138,140,-12,-10,"0051/0160"
140,142,-12,-10,"0051/0161"
142,144,-12,-10,"0051/0162"
144,146,-12,-10,"0051/0163"
146,148,-12,-10,"0051/0164"
148,150,-12,-10,"0051/0165"
150,152,-12,-10,"0051/0166"
152,154,-12,-10,"0051/0167"
154,156,-12,-10,"0051/0168"
156,158,-12,-10,"0051/0169"
158,160,-12,-10,"0051/0170"
160,162,-12,-10,"0051/0171"
162,164,-12,-10,"0051/0172"
-80,-78,-14,-12,"0052/0051"
-78,-76,-14,-12,"0052/0052"
-76,-74,-14,-12,"0052/0053"
-74,-72,-14,-12,"0052/0054"
-72,-70,-14,-12,"0052/0055"
-70,-68,-14,-12,"0052/0056"
-68,-66,-14,-12,"0052/0057"
-66,-64,-14,-12,"0052/0058"
-64,-62,-14,-12,"0052/0059"
-62,-60,-14,-12,"0052/0060"
-60,-58,-14,-12,"0052/0061"
-58,-56,-14,-12,"0052/0062"
-56,-54,-14,-12,"0052/0063"
-54,-52,-14,-12,"0052/0064"
-52,-50,-14,-12,"0052/0065"
-50,-48,-14,-12,"0052/0066"
-48,-46,-14,-12,"0052/0067"
-46,-44,-14,-12,"0052/0068"
-44,-42,-14,-12,"0052/0069"
-42,-40,-14,-12,"0052/0070"
-40,-38,-14,-12,"0052/0071"
-38,-36,-14,-12,"0052/0072"
-36,-34,-14,-12,"0052/0073"
10,12,-14,-12,"0052/0096"
12,14,-14,-12,"0052/0097"
14,16,-14,-12,"0052/0098"
16,18,-14,-12,"0052/0099"
18,20,-14,-12,"0052/0100"
20,22,-14,-12,"0052/0101"
22,24,-14,-12,"0052/0102"
24,26,-14,-12,"0052/0103"
26,28,-14,-12,"0052/0104"
28,30,-14,-12,"0052/0105"
30,32,-14,-12,"0052/0106"
32,34,-14,-12,"0052/0107"
34,36,-14,-12,"0052/0108"
36,38,-14,-12,"0052/0109"
38,40,-14,-12,"0052/0110"
40,42,-14,-12,"0052/0111"
42,44,-14,-12,"0052/0112"
44,46,-14,-12,"0052/0113"
46,48,-14,-12,"0052/0114"
48,50,-14,-12,"0052/0115"
50,52,-14,-12,"0052/0116"
52,54,-14,-12,"0052/0117"
120,122,-14,-12,"0052/0151"
122,124,-14,-12,"0052/0152"
124,126,-14,-12,"0052/0153"
126,128,-14,-12,"0052/0154"
128,130,-14,-12,"0052/0155"
130,132,-14,-12,"0052/0156"
132,134,-14,-12,"0052/0157"
134,136,-14,-12,"0052/0158"
136,138,-14,-12,"0052/0159"
138,140,-14,-12,"0052/0160"
140,142,-14,-12,"0052/0161"
142,144,-14,-12,"0052/0162"
144,146,-14,-12,"0052/0163"
148,150,-14,-12,"0052/0165"
150,152,-14,-12,"0052/0166"
152,154,-14,-12,"0052/0167"
154,156,-14,-12,"0052/0168"
160,162,-14,-12,"0052/0171"
162,164,-14,-12,"0052/0172"
-78,-76,-16,-14,"0053/0052"
-76,-74,-16,-14,"0053/0053"
-74,-72,-16,-14,"0053/0054"
-72,-70,-16,-14,"0053/0055"
-70,-68,-16,-14,"0053/0056"
-68,-66,-16,-14,"0053/0057"
-66,-64,-16,-14,"0053/0058"
-64,-62,-16,-14,"0053/0059"
-62,-60,-16,-14,"0053/0060"
-60,-58,-16,-14,"0053/0061"
-58,-56,-16,-14,"0053/0062"
-56,-54,-16,-14,"0053/0063"
-54,-52,-16,-14,"0053/0064"
-52,-50,-16,-14,"0053/0065"
-50,-48,-16,-14,"0053/0066"
-48,-46,-16,-14,"0053/0067"
-46,-44,-16,-14,"0053/0068"
-44,-42,-16,-14,"0053/0069"
-42,-40,-16,-14,"0053/0070"
-40,-38,-16,-14,"0053/0071"
-38,-36,-16,-14,"0053/0072"
10,12,-16,-14,"0053/0096"
12,14,-16,-14,"0053/0097"
14,16,-16,-14,"0053/0098"
16,18,-16,-14,"0053/0099"
18,20,-16,-14,"0053/0100"
20,22,-16,-14,"0053/0101"
22,24,-16,-14,"0053/0102"
24,26,-16,-14,"0053/0103"
26,28,-16,-14,"0053/0104"
28,30,-16,-14,"0053/0105"
30,32,-16,-14,"0053/0106"
32,34,-16,-14,"0053/0107"
34,36,-16,-14,"0053/0108"
36,38,-16,-14,"0053/0109"
38,40,-16,-14,"0053/0110"
40,42,-16,-14,"0053/0111"
42,44,-16,-14,"0053/0112"
44,46,-16,-14,"0053/0113"
46,48,-16,-14,"0053/0114"
48,50,-16,-14,"0053/0115"
50,52,-16,-14,"0053/0116"
52,54,-16,-14,"0053/0117"
122,124,-16,-14,"0053/0152"
124,126,-16,-14,"0053/0153"
126,128,-16,-14,"0053/0154"
128,130,-16,-14,"0053/0155"
130,132,-16,-14,"0053/0156"
132,134,-16,-14,"0053/0157"
134,136,-16,-14,"0053/0158"
136,138,-16,-14,"0053/0159"
138,140,-16,-14,"0053/0160"
140,142,-16,-14,"0053/0161"
142,144,-16,-14,"0053/0162"
144,146,-16,-14,"0053/0163"
146,148,-16,-14,"0053/0164"
148,150,-16,-14,"0053/0165"
-78,-76,-18,-16,"0054/0052"
-76,-74,-18,-16,"0054/0053"
-74,-72,-18,-16,"0054/0054"
-72,-70,-18,-16,"0054/0055"
-70,-68,-18,-16,"0054/0056"
-68,-66,-18,-16,"0054/0057"
-66,-64,-18,-16,"0054/0058"
-64,-62,-18,-16,"0054/0059"
-62,-60,-18,-16,"0054/0060"
-60,-58,-18,-16,"0054/0061"
-58,-56,-18,-16,"0054/0062"
-56,-54,-18,-16,"0054/0063"
-54,-52,-18,-16,"0054/0064"
-52,-50,-18,-16,"0054/0065"
-50,-48,-18,-16,"0054/0066"
-48,-46,-18,-16,"0054/0067"
-46,-44,-18,-16,"0054/0068"
-44,-42,-18,-16,"0054/0069"
-42,-40,-18,-16,"0054/0070"
-40,-38,-18,-16,"0054/0071"
-38,-36,-18,-16,"0054/0072"
10,12,-18,-16,"0054/0096"
12,14,-18,-16,"0054/0097"
14,16,-18,-16,"0054/0098"
16,18,-18,-16,"0054/0099"
18,20,-18,-16,"0054/0100"
20,22,-18,-16,"0054/0101"
22,24,-18,-16,"0054/0102"
24,26,-18,-16,"0054/0103"
26,28,-18,-16,"0054/0104"
28,30,-18,-16,"0054/0105"
30,32,-18,-16,"0054/0106"
32,34,-18,-16,"0054/0107"
34,36,-18,-16,"0054/0108"
36,38,-18,-16,"0054/0109"
38,40,-18,-16,"0054/0110"
40,42,-18,-16,"0054/0111"
42,44,-18,-16,"0054/0112"
44,46,-18,-16,"0054/0113"
46,48,-18,-16,"0054/0114"
48,50,-18,-16,"0054/0115"
50,52,-18,-16,"0054/0116"
52,54,-18,-16,"0054/0117"
120,122,-18,-16,"0054/0151"
122,124,-18,-16,"0054/0152"
124,126,-18,-16,"0054/0153"
126,128,-18,-16,"0054/0154"
128,130,-18,-16,"0054/0155"
130,132,-18,-16,"0054/0156"
132,134,-18,-16,"0054/0157"
134,136,-18,-16,"0054/0158"
136,138,-18,-16,"0054/0159"
138,140,-18,-16,"0054/0160"
140,142,-18,-16,"0054/0161"
142,144,-18,-16,"0054/0162"
144,146,-18,-16,"0054/0163"
146,148,-18,-16,"0054/0164"
148,150,-18,-16,"0054/0165"
-74,-72,-20,-18,"0055/0054"
-72,-70,-20,-18,"0055/0055"
-70,-68,-20,-18,"0055/0056"
-68,-66,-20,-18,"0055/0057"
-66,-64,-20,-18,"0055/0058"
-64,-62,-20,-18,"0055/0059"
-62,-60,-20,-18,"0055/0060"
-60,-58,-20,-18,"0055/0061"
-58,-56,-20,-18,"0055/0062"
-56,-54,-20,-18,"0055/0063"
-54,-52,-20,-18,"0055/0064"
-52,-50,-20,-18,"0055/0065"
-50,-48,-20,-18,"0055/0066"
-48,-46,-20,-18,"0055/0067"
-46,-44,-20,-18,"0055/0068"
-44,-42,-20,-18,"0055/0069"
-42,-40,-20,-18,"0055/0070"
-40,-38,-20,-18,"0055/0071"
-38,-36,-20,-18,"0055/0072"
10,12,-20,-18,"0055/0096"
12,14,-20,-18,"0055/0097"
14,16,-20,-18,"0055/0098"
16,18,-20,-18,"0055/0099"
18,20,-20,-18,"0055/0100"
20,22,-20,-18,"0055/0101"
22,24,-20,-18,"0055/0102"
24,26,-20,-18,"0055/0103"
26,28,-20,-18,"0055/0104"
28,30,-20,-18,"0055/0105"
30,32,-20,-18,"0055/0106"
32,34,-20,-18,"0055/0107"
34,36,-20,-18,"0055/0108"
36,38,-20,-18,"0055/0109"
38,40,-20,-18,"0055/0110"
40,42,-20,-18,"0055/0111"
42,44,-20,-18,"0055/0112"
44,46,-20,-18,"0055/0113"
46,48,-20,-18,"0055/0114"
48,50,-20,-18,"0055/0115"
50,52,-20,-18,"0055/0116"
118,120,-20,-18,"0055/0150"
120,122,-20,-18,"0055/0151"
122,124,-20,-18,"0055/0152"
124,126,-20,-18,"0055/0153"
126,128,-20,-18,"0055/0154"
128,130,-20,-18,"0055/0155"
130,132,-20,-18,"0055/0156"
132,134,-20,-18,"0055/0157"
134,136,-20,-18,"0055/0158"
136,138,-20,-18,"0055/0159"
138,140,-20,-18,"0055/0160"
140,142,-20,-18,"0055/0161"
142,144,-20,-18,"0055/0162"
144,146,-20,-18,"0055/0163"
146,148,-20,-18,"0055/0164"
148,150,-20,-18,"0055/0165"
150,152,-20,-18,"0055/0166"
-72,-70,-22,-20,"0056/0055"
-70,-68,-22,-20,"0056/0056"
-68,-66,-22,-20,"0056/0057"
-66,-64,-22,-20,"0056/0058"
-64,-62,-22,-20,"0056/0059"
-62,-60,-22,-20,"0056/0060"
-60,-58,-22,-20,"0056/0061"
-58,-56,-22,-20,"0056/0062"
-56,-54,-22,-20,"0056/0063"
-54,-52,-22,-20,"0056/0064"
-52,-50,-22,-20,"0056/0065"
-50,-48,-22,-20,"0056/0066"
-48,-46,-22,-20,"0056/0067"
-46,-44,-22,-20,"0056/0068"
-44,-42,-22,-20,"0056/0069"
-42,-40,-22,-20,"0056/0070"
-40,-38,-22,-20,"0056/0071"
-38,-36,-22,-20,"0056/0072"
10,12,-22,-20,"0056/0096"
12,14,-22,-20,"0056/0097"
14,16,-22,-20,"0056/0098"
16,18,-22,-20,"0056/0099"
18,20,-22,-20,"0056/0100"
20,22,-22,-20,"0056/0101"
22,24,-22,-20,"0056/0102"
24,26,-22,-20,"0056/0103"
26,28,-22,-20,"0056/0104"
28,30,-22,-20,"0056/0105"
30,32,-22,-20,"0056/0106"
32,34,-22,-20,"0056/0107"
34,36,-22,-20,"0056/0108"
36,38,-22,-20,"0056/0109"
38,40,-22,-20,"0056/0110"
42,44,-22,-20,"0056/0112"
44,46,-22,-20,"0056/0113"
46,48,-22,-20,"0056/0114"
48,50,-22,-20,"0056/0115"
50,52,-22,-20,"0056/0116"
112,114,-22,-20,"0056/0147"
114,116,-22,-20,"0056/0148"
116,118,-22,-20,"0056/0149"
118,120,-22,-20,"0056/0150"
120,122,-22,-20,"0056/0151"
122,124,-22,-20,"0056/0152"
124,126,-22,-20,"0056/0153"
126,128,-22,-20,"0056/0154"
128,130,-22,-20,"0056/0155"
130,132,-22,-20,"0056/0156"
132,134,-22,-20,"0056/0157"
134,136,-22,-20,"0056/0158"
136,138,-22,-20,"0056/0159"
138,140,-22,-20,"0056/0160"
140,142,-22,-20,"0056/0161"
142,144,-22,-20,"0056/0162"
144,146,-22,-20,"0056/0163"
146,148,-22,-20,"0056/0164"
148,150,-22,-20,"0056/0165"
150,152,-22,-20,"0056/0166"
152,154,-22,-20,"0056/0167"
-72,-70,-24,-22,"0057/0055"
-70,-68,-24,-22,"0057/0056"
-68,-66,-24,-22,"0057/0057"
-66,-64,-24,-22,"0057/0058"
-64,-62,-24,-22,"0057/0059"
-62,-60,-24,-22,"0057/0060"
-60,-58,-24,-22,"0057/0061"
-58,-56,-24,-22,"0057/0062"
-56,-54,-24,-22,"0057/0063"
-54,-52,-24,-22,"0057/0064"
-52,-50,-24,-22,"0057/0065"
-50,-48,-24,-22,"0057/0066"
-48,-46,-24,-22,"0057/0067"
-46,-44,-24,-22,"0057/0068"
-44,-42,-24,-22,"0057/0069"
-42,-40,-24,-22,"0057/0070"
-40,-38,-24,-22,"0057/0071"
12,14,-24,-22,"0057/0097"
14,16,-24,-22,"0057/0098"
16,18,-24,-22,"0057/0099"
18,20,-24,-22,"0057/0100"
20,22,-24,-22,"0057/0101"
22,24,-24,-22,"0057/0102"
24,26,-24,-22,"0057/0103"
26,28,-24,-22,"0057/0104"
28,30,-24,-22,"0057/0105"
30,32,-24,-22,"0057/0106"
32,34,-24,-22,"0057/0107"
34,36,-24,-22,"0057/0108"
36,38,-24,-22,"0057/0109"
38,40,-24,-22,"0057/0110"
42,44,-24,-22,"0057/0112"
44,46,-24,-22,"0057/0113"
46,48,-24,-22,"0057/0114"
48,50,-24,-22,"0057/0115"
50,52,-24,-22,"0057/0116"
112,114,-24,-22,"0057/0147"
114,116,-24,-22,"0057/0148"
116,118,-24,-22,"0057/0149"
118,120,-24,-22,"0057/0150"
120,122,-24,-22,"0057/0151"
122,124,-24,-22,"0057/0152"
124,126,-24,-22,"0057/0153"
126,128,-24,-22,"0057/0154"
128,130,-24,-22,"0057/0155"
130,132,-24,-22,"0057/0156"
132,134,-24,-22,"0057/0157"
134,136,-24,-22,"0057/0158"
136,138,-24,-22,"0057/0159"
138,140,-24,-22,"0057/0160"
140,142,-24,-22,"0057/0161"
142,144,-24,-22,"0057/0162"
144,146,-24,-22,"0057/0163"
146,148,-24,-22,"0057/0164"
148,150,-24,-22,"0057/0165"
150,152,-24,-22,"0057/0166"
152,154,-24,-22,"0057/0167"
-72,-70,-26,-24,"0058/0055"
-70,-68,-26,-24,"0058/0056"
-68,-66,-26,-24,"0058/0057"
-66,-64,-26,-24,"0058/0058"
-64,-62,-26,-24,"0058/0059"
-62,-60,-26,-24,"0058/0060"
-60,-58,-26,-24,"0058/0061"
-58,-56,-26,-24,"0058/0062"
-56,-54,-26,-24,"0058/0063"
-54,-52,-26,-24,"0058/0064"
-52,-50,-26,-24,"0058/0065"
-50,-48,-26,-24,"0058/0066"
-48,-46,-26,-24,"0058/0067"
-46,-44,-26,-24,"0058/0068"
-44,-42,-26,-24,"0058/0069"
-42,-40,-26,-24,"0058/0070"
-40,-38,-26,-24,"0058/0071"
12,14,-26,-24,"0058/0097"
14,16,-26,-24,"0058/0098"
16,18,-26,-24,"0058/0099"
18,20,-26,-24,"0058/0100"
20,22,-26,-24,"0058/0101"
22,24,-26,-24,"0058/0102"
24,26,-26,-24,"0058/0103"
26,28,-26,-24,"0058/0104"
28,30,-26,-24,"0058/0105"
30,32,-26,-24,"0058/0106"
32,34,-26,-24,"0058/0107"
34,36,-26,-24,"0058/0108"
36,38,-26,-24,"0058/0109"
38,40,-26,-24,"0058/0110"
42,44,-26,-24,"0058/0112"
44,46,-26,-24,"0058/0113"
46,48,-26,-24,"0058/0114"
48,50,-26,-24,"0058/0115"
50,52,-26,-24,"0058/0116"
112,114,-26,-24,"0058/0147"
114,116,-26,-24,"0058/0148"
116,118,-26,-24,"0058/0149"
118,120,-26,-24,"0058/0150"
120,122,-26,-24,"0058/0151"
122,124,-26,-24,"0058/0152"
124,126,-26,-24,"0058/0153"
126,128,-26,-24,"0058/0154"
128,130,-26,-24,"0058/0155"
130,132,-26,-24,"0058/0156"
132,134,-26,-24,"0058/0157"
134,136,-26,-24,"0058/0158"
136,138,-26,-24,"0058/0159"
138,140,-26,-24,"0058/0160"
140,142,-26,-24,"0058/0161"
142,144,-26,-24,"0058/0162"
144,146,-26,-24,"0058/0163"
146,148,-26,-24,"0058/0164"
148,150,-26,-24,"0058/0165"
150,152,-26,-24,"0058/0166"
152,154,-26,-24,"0058/0167"
154,156,-26,-24,"0058/0168"
-72,-70,-28,-26,"0059/0055"
-70,-68,-28,-26,"0059/0056"
-68,-66,-28,-26,"0059/0057"
-66,-64,-28,-26,"0059/0058"
-64,-62,-28,-26,"0059/0059"
-62,-60,-28,-26,"0059/0060"
-60,-58,-28,-26,"0059/0061"
-58,-56,-28,-26,"0059/0062"
-56,-54,-28,-26,"0059/0063"
-54,-52,-28,-26,"0059/0064"
-52,-50,-28,-26,"0059/0065"
-50,-48,-28,-26,"0059/0066"
-48,-46,-28,-26,"0059/0067"
-46,-44,-28,-26,"0059/0068"
12,14,-28,-26,"0059/0097"
14,16,-28,-26,"0059/0098"
16,18,-28,-26,"0059/0099"
18,20,-28,-26,"0059/0100"
20,22,-28,-26,"0059/0101"
22,24,-28,-26,"0059/0102"
24,26,-28,-26,"0059/0103"
26,28,-28,-26,"0059/0104"
28,30,-28,-26,"0059/0105"
30,32,-28,-26,"0059/0106"
32,34,-28,-26,"0059/0107"
34,36,-28,-26,"0059/0108"
36,38,-28,-26,"0059/0109"
38,40,-28,-26,"0059/0110"
42,44,-28,-26,"0059/0112"
44,46,-28,-26,"0059/0113"
46,48,-28,-26,"0059/0114"
48,50,-28,-26,"0059/0115"
112,114,-28,-26,"0059/0147"
114,116,-28,-26,"0059/0148"
116,118,-28,-26,"0059/0149"
118,120,-28,-26,"0059/0150"
120,122,-28,-26,"0059/0151"
122,124,-28,-26,"0059/0152"
124,126,-28,-26,"0059/0153"
126,128,-28,-26,"0059/0154"
128,130,-28,-26,"0059/0155"
130,132,-28,-26,"0059/0156"
132,134,-28,-26,"0059/0157"
134,136,-28,-26,"0059/0158"
136,138,-28,-26,"0059/0159"
138,140,-28,-26,"0059/0160"
140,142,-28,-26,"0059/0161"
142,144,-28,-26,"0059/0162"
144,146,-28,-26,"0059/0163"
146,148,-28,-26,"0059/0164"
148,150,-28,-26,"0059/0165"
150,152,-28,-26,"0059/0166"
152,154,-28,-26,"0059/0167"
154,156,-28,-26,"0059/0168"
-72,-70,-30,-28,"0060/0055"
-70,-68,-30,-28,"0060/0056"
-68,-66,-30,-28,"0060/0057"
-66,-64,-30,-28,"0060/0058"
-64,-62,-30,-28,"0060/0059"
-62,-60,-30,-28,"0060/0060"
-60,-58,-30,-28,"0060/0061"
-58,-56,-30,-28,"0060/0062"
-56,-54,-30,-28,"0060/0063"
-54,-52,-30,-28,"0060/0064"
-52,-50,-30,-28,"0060/0065"
-50,-48,-30,-28,"0060/0066"
-48,-46,-30,-28,"0060/0067"
12,14,-30,-28,"0060/0097"
14,16,-30,-28,"0060/0098"
16,18,-30,-28,"0060/0099"
18,20,-30,-28,"0060/0100"
20,22,-30,-28,"0060/0101"
22,24,-30,-28,"0060/0102"
24,26,-30,-28,"0060/0103"
26,28,-30,-28,"0060/0104"
28,30,-30,-28,"0060/0105"
30,32,-30,-28,"0060/0106"
32,34,-30,-28,"0060/0107"
34,36,-30,-28,"0060/0108"
112,114,-30,-28,"0060/0147"
114,116,-30,-28,"0060/0148"
116,118,-30,-28,"0060/0149"
118,120,-30,-28,"0060/0150"
120,122,-30,-28,"0060/0151"
122,124,-30,-28,"0060/0152"
124,126,-30,-28,"0060/0153"
126,128,-30,-28,"0060/0154"
128,130,-30,-28,"0060/0155"
130,132,-30,-28,"0060/0156"
132,134,-30,-28,"0060/0157"
134,136,-30,-28,"0060/0158"
136,138,-30,-28,"0060/0159"
138,140,-30,-28,"0060/0160"
140,142,-30,-28,"0060/0161"
142,144,-30,-28,"0060/0162"
144,146,-30,-28,"0060/0163"
146,148,-30,-28,"0060/0164"
148,150,-30,-28,"0060/0165"
150,152,-30,-28,"0060/0166"
152,154,-30,-28,"0060/0167"
154,156,-30,-28,"0060/0168"
-72,-70,-32,-30,"0061/0055"
-70,-68,-32,-30,"0061/0056"
-68,-66,-32,-30,"0061/0057"
-66,-64,-32,-30,"0061/0058"
-64,-62,-32,-30,"0061/0059"
-62,-60,-32,-30,"0061/0060"
-60,-58,-32,-30,"0061/0061"
-58,-56,-32,-30,"0061/0062"
-56,-54,-32,-30,"0061/0063"
-54,-52,-32,-30,"0061/0064"
-52,-50,-32,-30,"0061/0065"
-50,-48,-32,-30,"0061/0066"
-48,-46,-32,-30,"0061/0067"
16,18,-32,-30,"0061/0099"
18,20,-32,-30,"0061/0100"
20,22,-32,-30,"0061/0101"
22,24,-32,-30,"0061/0102"
24,26,-32,-30,"0061/0103"
26,28,-32,-30,"0061/0104"
28,30,-32,-30,"0061/0105"
30,32,-32,-30,"0061/0106"
32,34,-32,-30,"0061/0107"
34,36,-32,-30,"0061/0108"
112,114,-32,-30,"0061/0147"
114,116,-32,-30,"0061/0148"
116,118,-32,-30,"0061/0149"
118,120,-32,-30,"0061/0150"
120,122,-32,-30,"0061/0151"
122,124,-32,-30,"0061/0152"
124,126,-32,-30,"0061/0153"
126,128,-32,-30,"0061/0154"
128,130,-32,-30,"0061/0155"
130,132,-32,-30,"0061/0156"
132,134,-32,-30,"0061/0157"
134,136,-32,-30,"0061/0158"
136,138,-32,-30,"0061/0159"
138,140,-32,-30,"0061/0160"
140,142,-32,-30,"0061/0161"
142,144,-32,-30,"0061/0162"
144,146,-32,-30,"0061/0163"
146,148,-32,-30,"0061/0164"
148,150,-32,-30,"0061/0165"
150,152,-32,-30,"0061/0166"
152,154,-32,-30,"0061/0167"
154,156,-32,-30,"0061/0168"
-72,-70,-34,-32,"0062/0055"
-70,-68,-34,-32,"0062/0056"
-68,-66,-34,-32,"0062/0057"
-66,-64,-34,-32,"0062/0058"
-64,-62,-34,-32,"0062/0059"
-62,-60,-34,-32,"0062/0060"
-60,-58,-34,-32,"0062/0061"
-58,-56,-34,-32,"0062/0062"
-56,-54,-34,-32,"0062/0063"
-54,-52,-34,-32,"0062/0064"
-52,-50,-34,-32,"0062/0065"
-50,-48,-34,-32,"0062/0066"
16,18,-34,-32,"0062/0099"
18,20,-34,-32,"0062/0100"
20,22,-34,-32,"0062/0101"
22,24,-34,-32,"0062/0102"
24,26,-34,-32,"0062/0103"
26,28,-34,-32,"0062/0104"
28,30,-34,-32,"0062/0105"
30,32,-34,-32,"0062/0106"
32,34,-34,-32,"0062/0107"
116,118,-34,-32,"0062/0149"
118,120,-34,-32,"0062/0150"
120,122,-34,-32,"0062/0151"
122,124,-34,-32,"0062/0152"
124,126,-34,-32,"0062/0153"
126,128,-34,-32,"0062/0154"
128,130,-34,-32,"0062/0155"
130,132,-34,-32,"0062/0156"
132,134,-34,-32,"0062/0157"
134,136,-34,-32,"0062/0158"
136,138,-34,-32,"0062/0159"
138,140,-34,-32,"0062/0160"
140,142,-34,-32,"0062/0161"
142,144,-34,-32,"0062/0162"
144,146,-34,-32,"0062/0163"
146,148,-34,-32,"0062/0164"
148,150,-34,-32,"0062/0165"
150,152,-34,-32,"0062/0166"
152,154,-34,-32,"0062/0167"
154,156,-34,-32,"0062/0168"
-74,-72,-36,-34,"0063/0054"
-72,-70,-36,-34,"0063/0055"
-70,-68,-36,-34,"0063/0056"
-68,-66,-36,-34,"0063/0057"
-66,-64,-36,-34,"0063/0058"
-64,-62,-36,-34,"0063/0059"
-62,-60,-36,-34,"0063/0060"
-60,-58,-36,-34,"0063/0061"
-58,-56,-36,-34,"0063/0062"
-56,-54,-36,-34,"0063/0063"
-54,-52,-36,-34,"0063/0064"
-52,-50,-36,-34,"0063/0065"
-50,-48,-36,-34,"0063/0066"
18,20,-36,-34,"0063/0100"
20,22,-36,-34,"0063/0101"
22,24,-36,-34,"0063/0102"
24,26,-36,-34,"0063/0103"
26,28,-36,-34,"0063/0104"
28,30,-36,-34,"0063/0105"
30,32,-36,-34,"0063/0106"
116,118,-36,-34,"0063/0149"
118,120,-36,-34,"0063/0150"
120,122,-36,-34,"0063/0151"
122,124,-36,-34,"0063/0152"
124,126,-36,-34,"0063/0153"
126,128,-36,-34,"0063/0154"
128,130,-36,-34,"0063/0155"
130,132,-36,-34,"0063/0156"
132,134,-36,-34,"0063/0157"
134,136,-36,-34,"0063/0158"
136,138,-36,-34,"0063/0159"
138,140,-36,-34,"0063/0160"
140,142,-36,-34,"0063/0161"
142,144,-36,-34,"0063/0162"
144,146,-36,-34,"0063/0163"
146,148,-36,-34,"0063/0164"
148,150,-36,-34,"0063/0165"
150,152,-36,-34,"0063/0166"
152,154,-36,-34,"0063/0167"
154,156,-36,-34,"0063/0168"
172,174,-36,-34,"0063/0177"
174,176,-36,-34,"0063/0178"
-74,-72,-38,-36,"0064/0054"
-72,-70,-38,-36,"0064/0055"
-70,-68,-38,-36,"0064/0056"
-68,-66,-38,-36,"0064/0057"
-66,-64,-38,-36,"0064/0058"
-64,-62,-38,-36,"0064/0059"
-62,-60,-38,-36,"0064/0060"
-60,-58,-38,-36,"0064/0061"
-58,-56,-38,-36,"0064/0062"
-56,-54,-38,-36,"0064/0063"
-54,-52,-38,-36,"0064/0064"
-52,-50,-38,-36,"0064/0065"
18,20,-38,-36,"0064/0100"
20,22,-38,-36,"0064/0101"
22,24,-38,-36,"0064/0102"
24,26,-38,-36,"0064/0103"
26,28,-38,-36,"0064/0104"
28,30,-38,-36,"0064/0105"
116,118,-38,-36,"0064/0149"
118,120,-38,-36,"0064/0150"
120,122,-38,-36,"0064/0151"
136,138,-38,-36,"0064/0159"
138,140,-38,-36,"0064/0160"
140,142,-38,-36,"0064/0161"
142,144,-38,-36,"0064/0162"
144,146,-38,-36,"0064/0163"
146,148,-38,-36,"0064/0164"
148,150,-38,-36,"0064/0165"
150,152,-38,-36,"0064/0166"
152,154,-38,-36,"0064/0167"
172,174,-38,-36,"0064/0177"
174,176,-38,-36,"0064/0178"
176,178,-38,-36,"0064/0179"
178,180,-38,-36,"0064/0180"
-74,-72,-40,-38,"0065/0054"
-72,-70,-40,-38,"0065/0055"
-70,-68,-40,-38,"0065/0056"
-68,-66,-40,-38,"0065/0057"
-66,-64,-40,-38,"0065/0058"
-64,-62,-40,-38,"0065/0059"
-62,-60,-40,-38,"0065/0060"
-60,-58,-40,-38,"0065/0061"
-58,-56,-40,-38,"0065/0062"
-56,-54,-40,-38,"0065/0063"
136,138,-40,-38,"0065/0159"
138,140,-40,-38,"0065/0160"
140,142,-40,-38,"0065/0161"
142,144,-40,-38,"0065/0162"
144,146,-40,-38,"0065/0163"
146,148,-40,-38,"0065/0164"
148,150,-40,-38,"0065/0165"
150,152,-40,-38,"0065/0166"
152,154,-40,-38,"0065/0167"
172,174,-40,-38,"0065/0177"
174,176,-40,-38,"0065/0178"
176,178,-40,-38,"0065/0179"
178,180,-40,-38,"0065/0180"
-74,-72,-42,-40,"0066/0054"
-72,-70,-42,-40,"0066/0055"
-70,-68,-42,-40,"0066/0056"
-68,-66,-42,-40,"0066/0057"
-66,-64,-42,-40,"0066/0058"
-64,-62,-42,-40,"0066/0059"
-62,-60,-42,-40,"0066/0060"
-60,-58,-42,-40,"0066/0061"
-58,-56,-42,-40,"0066/0062"
140,142,-42,-40,"0066/0161"
142,144,-42,-40,"0066/0162"
144,146,-42,-40,"0066/0163"
146,148,-42,-40,"0066/0164"
148,150,-42,-40,"0066/0165"
150,152,-42,-40,"0066/0166"
170,172,-42,-40,"0066/0176"
172,174,-42,-40,"0066/0177"
174,176,-42,-40,"0066/0178"
176,178,-42,-40,"0066/0179"
178,180,-42,-40,"0066/0180"
-74,-72,-44,-42,"0067/0054"
-72,-70,-44,-42,"0067/0055"
-70,-68,-44,-42,"0067/0056"
-68,-66,-44,-42,"0067/0057"
-66,-64,-44,-42,"0067/0058"
-64,-62,-44,-42,"0067/0059"
-62,-60,-44,-42,"0067/0060"
-60,-58,-44,-42,"0067/0061"
142,144,-44,-42,"0067/0162"
144,146,-44,-42,"0067/0163"
146,148,-44,-42,"0067/0164"
148,150,-44,-42,"0067/0165"
150,152,-44,-42,"0067/0166"
168,170,-44,-42,"0067/0175"
170,172,-44,-42,"0067/0176"
172,174,-44,-42,"0067/0177"
174,176,-44,-42,"0067/0178"
176,178,-44,-42,"0067/0179"
178,180,-44,-42,"0067/0180"
-74,-72,-46,-44,"0068/0054"
-72,-70,-46,-44,"0068/0055"
-70,-68,-46,-44,"0068/0056"
-68,-66,-46,-44,"0068/0057"
-66,-64,-46,-44,"0068/0058"
-64,-62,-46,-44,"0068/0059"
-62,-60,-46,-44,"0068/0060"
146,148,-46,-44,"0068/0164"
148,150,-46,-44,"0068/0165"
150,152,-46,-44,"0068/0166"
166,168,-46,-44,"0068/0174"
168,170,-46,-44,"0068/0175"
170,172,-46,-44,"0068/0176"
172,174,-46,-44,"0068/0177"
174,176,-46,-44,"0068/0178"
-78,-76,-48,-46,"0069/0052"
-76,-74,-48,-46,"0069/0053"
-74,-72,-48,-46,"0069/0054"
-72,-70,-48,-46,"0069/0055"
-70,-68,-48,-46,"0069/0056"
-68,-66,-48,-46,"0069/0057"
-66,-64,-48,-46,"0069/0058"
166,168,-48,-46,"0069/0174"
168,170,-48,-46,"0069/0175"
170,172,-48,-46,"0069/0176"
172,174,-48,-46,"0069/0177"
-78,-76,-50,-48,"0070/0052"
-76,-74,-50,-48,"0070/0053"
-74,-72,-50,-48,"0070/0054"
-72,-70,-50,-48,"0070/0055"
-70,-68,-50,-48,"0070/0056"
-68,-66,-50,-48,"0070/0057"
-66,-64,-50,-48,"0070/0058"
166,168,-50,-48,"0070/0174"
168,170,-50,-48,"0070/0175"
170,172,-50,-48,"0070/0176"
172,174,-50,-48,"0070/0177"
-78,-76,-52,-50,"0071/0052"
-76,-74,-52,-50,"0071/0053"
-74,-72,-52,-50,"0071/0054"
-72,-70,-52,-50,"0071/0055"
-70,-68,-52,-50,"0071/0056"
-68,-66,-52,-50,"0071/0057"
-66,-64,-52,-50,"0071/0058"
-62,-60,-52,-50,"0071/0060"
-60,-58,-52,-50,"0071/0061"
-58,-56,-52,-50,"0071/0062"
166,168,-52,-50,"0071/0174"
168,170,-52,-50,"0071/0175"
-78,-76,-54,-52,"0072/0052"
-76,-74,-54,-52,"0072/0053"
-74,-72,-54,-52,"0072/0054"
-72,-70,-54,-52,"0072/0055"
-70,-68,-54,-52,"0072/0056"
-68,-66,-54,-52,"0072/0057"
-62,-60,-54,-52,"0072/0060"
-60,-58,-54,-52,"0072/0061"
-58,-56,-54,-52,"0072/0062"
166,168,-54,-52,"0072/0174"
168,170,-54,-52,"0072/0175"
170,172,-54,-52,"0072/0176"
